{
  "frames": {
    "Ninja/Attack/Attack__000.png": {
      "frame": {
        "x": 2,
        "y": 2,
        "w": 286,
        "h": 435
      },
      "rotated": false,
      "trimmed": true,
      "spriteSourceSize": {
        "x": 47,
        "y": 19,
        "w": 286,
        "h": 435
      },
      "sourceSize": {
        "w": 536,
        "h": 495
      },
      "pivot": {
        "x": 0.5,
        "y": 0.5
      }
    },
    "Ninja/Idle/Idle__005.png": {
      "frame": {
        "x": 2,
        "y": 441,
        "w": 226,
        "h": 435
      },
      "rotated": false,
      "trimmed": true,
      "spriteSourceSize": {
        "x": 6,
        "y": 4,
        "w": 226,
        "h": 435
      },
      "sourceSize": {
        "w": 232,
        "h": 439
      },
      "pivot": {
        "x": 0.5,
        "y": 0.5
      }
    },
    "Ninja/Jump/Jump__002.png": {
      "frame": {
        "x": 2,
        "y": 880,
        "w": 253,
        "h": 433
      },
      "rotated": false,
      "trimmed": true,
      "spriteSourceSize": {
        "x": 44,
        "y": 19,
        "w": 253,
        "h": 433
      },
      "sourceSize": {
        "w": 362,
        "h": 483
      },
      "pivot": {
        "x": 0.5,
        "y": 0.5
      }
    },
    "Ninja/Jump/Jump__003.png": {
      "frame": {
        "x": 232,
        "y": 441,
        "w": 253,
        "h": 432
      },
      "rotated": false,
      "trimmed": true,
      "spriteSourceSize": {
        "x": 43,
        "y": 19,
        "w": 253,
        "h": 432
      },
      "sourceSize": {
        "w": 362,
        "h": 483
      },
      "pivot": {
        "x": 0.5,
        "y": 0.5
      }
    },
    "Ninja/Glide/Glide_000.png": {
      "frame": {
        "x": 292,
        "y": 2,
        "w": 411,
        "h": 430
      },
      "rotated": false,
      "trimmed": true,
      "spriteSourceSize": {
        "x": 2,
        "y": 19,
        "w": 411,
        "h": 430
      },
      "sourceSize": {
        "w": 443,
        "h": 454
      },
      "pivot": {
        "x": 0.5,
        "y": 0.5
      }
    },
    "Ninja/Attack/Attack__009.png": {
      "frame": {
        "x": 2,
        "y": 1317,
        "w": 381,
        "h": 430
      },
      "rotated": false,
      "trimmed": true,
      "spriteSourceSize": {
        "x": 42,
        "y": 24,
        "w": 381,
        "h": 430
      },
      "sourceSize": {
        "w": 536,
        "h": 495
      },
      "pivot": {
        "x": 0.5,
        "y": 0.5
      }
    },
    "Ninja/Dead/Dead__002.png": {
      "frame": {
        "x": 259,
        "y": 877,
        "w": 334,
        "h": 430
      },
      "rotated": false,
      "trimmed": true,
      "spriteSourceSize": {
        "x": 11,
        "y": 67,
        "w": 334,
        "h": 430
      },
      "sourceSize": {
        "w": 482,
        "h": 498
      },
      "pivot": {
        "x": 0.5,
        "y": 0.5
      }
    },
    "Ninja/Run/Run__007.png": {
      "frame": {
        "x": 489,
        "y": 436,
        "w": 314,
        "h": 429
      },
      "rotated": false,
      "trimmed": true,
      "spriteSourceSize": {
        "x": 29,
        "y": 5,
        "w": 314,
        "h": 429
      },
      "sourceSize": {
        "w": 363,
        "h": 458
      },
      "pivot": {
        "x": 0.5,
        "y": 0.5
      }
    },
    "Ninja/Glide/Glide_001.png": {
      "frame": {
        "x": 707,
        "y": 2,
        "w": 411,
        "h": 428
      },
      "rotated": false,
      "trimmed": true,
      "spriteSourceSize": {
        "x": 1,
        "y": 19,
        "w": 411,
        "h": 428
      },
      "sourceSize": {
        "w": 443,
        "h": 454
      },
      "pivot": {
        "x": 0.5,
        "y": 0.5
      }
    },
    "Platform/Tiles/BGTile (6).png": {
      "frame": {
        "x": 2,
        "y": 1751,
        "w": 256,
        "h": 256
      },
      "rotated": false,
      "trimmed": false,
      "spriteSourceSize": {
        "x": 0,
        "y": 0,
        "w": 256,
        "h": 256
      },
      "sourceSize": {
        "w": 256,
        "h": 256
      },
      "pivot": {
        "x": 0.5,
        "y": 0.5
      }
    },
    "Platform/Tiles/BGTile (7).png": {
      "frame": {
        "x": 262,
        "y": 1751,
        "w": 256,
        "h": 256
      },
      "rotated": false,
      "trimmed": false,
      "spriteSourceSize": {
        "x": 0,
        "y": 0,
        "w": 256,
        "h": 256
      },
      "sourceSize": {
        "w": 256,
        "h": 256
      },
      "pivot": {
        "x": 0.5,
        "y": 0.5
      }
    },
    "Ninja/Glide/Glide_009.png": {
      "frame": {
        "x": 387,
        "y": 1311,
        "w": 411,
        "h": 428
      },
      "rotated": false,
      "trimmed": true,
      "spriteSourceSize": {
        "x": 1,
        "y": 19,
        "w": 411,
        "h": 428
      },
      "sourceSize": {
        "w": 443,
        "h": 454
      },
      "pivot": {
        "x": 0.5,
        "y": 0.5
      }
    },
    "Ninja/Jump_Throw/Jump_Throw__008.png": {
      "frame": {
        "x": 522,
        "y": 1743,
        "w": 303,
        "h": 406
      },
      "rotated": true,
      "trimmed": true,
      "spriteSourceSize": {
        "x": 50,
        "y": 16,
        "w": 303,
        "h": 406
      },
      "sourceSize": {
        "w": 360,
        "h": 431
      },
      "pivot": {
        "x": 0.5,
        "y": 0.5
      }
    },
    "Ninja/Jump/Jump__007.png": {
      "frame": {
        "x": 932,
        "y": 1743,
        "w": 301,
        "h": 420
      },
      "rotated": true,
      "trimmed": true,
      "spriteSourceSize": {
        "x": 21,
        "y": 17,
        "w": 301,
        "h": 420
      },
      "sourceSize": {
        "w": 362,
        "h": 483
      },
      "pivot": {
        "x": 0.5,
        "y": 0.5
      }
    },
    "Ninja/Jump_Throw/Jump_Throw__001.png": {
      "frame": {
        "x": 1356,
        "y": 1743,
        "w": 301,
        "h": 408
      },
      "rotated": true,
      "trimmed": true,
      "spriteSourceSize": {
        "x": 50,
        "y": 16,
        "w": 301,
        "h": 408
      },
      "sourceSize": {
        "w": 360,
        "h": 431
      },
      "pivot": {
        "x": 0.5,
        "y": 0.5
      }
    },
    "Ninja/Glide/Glide_002.png": {
      "frame": {
        "x": 597,
        "y": 869,
        "w": 410,
        "h": 427
      },
      "rotated": false,
      "trimmed": true,
      "spriteSourceSize": {
        "x": 1,
        "y": 18,
        "w": 410,
        "h": 427
      },
      "sourceSize": {
        "w": 443,
        "h": 454
      },
      "pivot": {
        "x": 0.5,
        "y": 0.5
      }
    },
    "Ninja/Glide/Glide_004.png": {
      "frame": {
        "x": 807,
        "y": 434,
        "w": 410,
        "h": 427
      },
      "rotated": false,
      "trimmed": true,
      "spriteSourceSize": {
        "x": 0,
        "y": 14,
        "w": 410,
        "h": 427
      },
      "sourceSize": {
        "w": 443,
        "h": 454
      },
      "pivot": {
        "x": 0.5,
        "y": 0.5
      }
    },
    "Ninja/Glide/Glide_006.png": {
      "frame": {
        "x": 1122,
        "y": 2,
        "w": 410,
        "h": 427
      },
      "rotated": false,
      "trimmed": true,
      "spriteSourceSize": {
        "x": 0,
        "y": 14,
        "w": 410,
        "h": 427
      },
      "sourceSize": {
        "w": 443,
        "h": 454
      },
      "pivot": {
        "x": 0.5,
        "y": 0.5
      }
    },
    "Ninja/Glide/Glide_008.png": {
      "frame": {
        "x": 802,
        "y": 1300,
        "w": 410,
        "h": 427
      },
      "rotated": false,
      "trimmed": true,
      "spriteSourceSize": {
        "x": 1,
        "y": 18,
        "w": 410,
        "h": 427
      },
      "sourceSize": {
        "w": 443,
        "h": 454
      },
      "pivot": {
        "x": 0.5,
        "y": 0.5
      }
    },
    "Ninja/Run/Run__004.png": {
      "frame": {
        "x": 1011,
        "y": 865,
        "w": 352,
        "h": 425
      },
      "rotated": false,
      "trimmed": true,
      "spriteSourceSize": {
        "x": 8,
        "y": 15,
        "w": 352,
        "h": 425
      },
      "sourceSize": {
        "w": 363,
        "h": 458
      },
      "pivot": {
        "x": 0.5,
        "y": 0.5
      }
    },
    "Ninja/Run/Run__005.png": {
      "frame": {
        "x": 1221,
        "y": 433,
        "w": 326,
        "h": 425
      },
      "rotated": false,
      "trimmed": true,
      "spriteSourceSize": {
        "x": 34,
        "y": 15,
        "w": 326,
        "h": 425
      },
      "sourceSize": {
        "w": 363,
        "h": 458
      },
      "pivot": {
        "x": 0.5,
        "y": 0.5
      }
    },
    "Ninja/Jump_Attack/Jump_Attack__000.png": {
      "frame": {
        "x": 1536,
        "y": 2,
        "w": 296,
        "h": 412
      },
      "rotated": false,
      "trimmed": true,
      "spriteSourceSize": {
        "x": 34,
        "y": 17,
        "w": 296,
        "h": 412
      },
      "sourceSize": {
        "w": 504,
        "h": 522
      },
      "pivot": {
        "x": 0.5,
        "y": 0.5
      }
    },
    "Platform/Tiles/Tile (1).png": {
      "frame": {
        "x": 1768,
        "y": 418,
        "w": 256,
        "h": 256
      },
      "rotated": false,
      "trimmed": false,
      "spriteSourceSize": {
        "x": 0,
        "y": 0,
        "w": 256,
        "h": 256
      },
      "sourceSize": {
        "w": 256,
        "h": 256
      },
      "pivot": {
        "x": 0.5,
        "y": 0.5
      }
    },
    "Platform/Tiles/Tile (2).png": {
      "frame": {
        "x": 1768,
        "y": 678,
        "w": 256,
        "h": 256
      },
      "rotated": false,
      "trimmed": false,
      "spriteSourceSize": {
        "x": 0,
        "y": 0,
        "w": 256,
        "h": 256
      },
      "sourceSize": {
        "w": 256,
        "h": 256
      },
      "pivot": {
        "x": 0.5,
        "y": 0.5
      }
    },
    "ninjagirlnew/Slide/Slide__006.png": {
      "frame": {
        "x": 1367,
        "y": 862,
        "w": 386,
        "h": 396
      },
      "rotated": true,
      "trimmed": true,
      "spriteSourceSize": {
        "x": 10,
        "y": 2,
        "w": 386,
        "h": 396
      },
      "sourceSize": {
        "w": 397,
        "h": 401
      },
      "pivot": {
        "x": 0.5,
        "y": 0.5
      }
    },
    "ninjagirlnew/Slide/Slide__005.png": {
      "frame": {
        "x": 1367,
        "y": 1252,
        "w": 385,
        "h": 396
      },
      "rotated": true,
      "trimmed": true,
      "spriteSourceSize": {
        "x": 11,
        "y": 2,
        "w": 385,
        "h": 396
      },
      "sourceSize": {
        "w": 397,
        "h": 401
      },
      "pivot": {
        "x": 0.5,
        "y": 0.5
      }
    },
    "Platform/Tiles/Tile (3).png": {
      "frame": {
        "x": 1768,
        "y": 938,
        "w": 256,
        "h": 256
      },
      "rotated": false,
      "trimmed": false,
      "spriteSourceSize": {
        "x": 0,
        "y": 0,
        "w": 256,
        "h": 256
      },
      "sourceSize": {
        "w": 256,
        "h": 256
      },
      "pivot": {
        "x": 0.5,
        "y": 0.5
      }
    },
    "Platform/Tiles/Tile (5).png": {
      "frame": {
        "x": 1768,
        "y": 1198,
        "w": 256,
        "h": 256
      },
      "rotated": false,
      "trimmed": false,
      "spriteSourceSize": {
        "x": 0,
        "y": 0,
        "w": 256,
        "h": 256
      },
      "sourceSize": {
        "w": 256,
        "h": 256
      },
      "pivot": {
        "x": 0.5,
        "y": 0.5
      }
    },
    "Platform/Tiles/Tile (7).png": {
      "frame": {
        "x": 1768,
        "y": 1458,
        "w": 256,
        "h": 256
      },
      "rotated": false,
      "trimmed": false,
      "spriteSourceSize": {
        "x": 0,
        "y": 0,
        "w": 256,
        "h": 256
      },
      "sourceSize": {
        "w": 256,
        "h": 256
      },
      "pivot": {
        "x": 0.5,
        "y": 0.5
      }
    },
    "Platform/Tiles/Tile (8).png": {
      "frame": {
        "x": 1768,
        "y": 1718,
        "w": 256,
        "h": 256
      },
      "rotated": false,
      "trimmed": false,
      "spriteSourceSize": {
        "x": 0,
        "y": 0,
        "w": 256,
        "h": 256
      },
      "sourceSize": {
        "w": 256,
        "h": 256
      },
      "pivot": {
        "x": 0.5,
        "y": 0.5
      }
    },
    "Ninja/Jump/Jump__004.png": {
      "frame": {
        "x": 232,
        "y": 441,
        "w": 253,
        "h": 432
      },
      "rotated": false,
      "trimmed": true,
      "spriteSourceSize": {
        "x": 43,
        "y": 19,
        "w": 253,
        "h": 432
      },
      "sourceSize": {
        "w": 362,
        "h": 483
      },
      "pivot": {
        "x": 0.5,
        "y": 0.5
      }
    },
    "Ninja/Jump/Jump__005.png": {
      "frame": {
        "x": 232,
        "y": 441,
        "w": 253,
        "h": 432
      },
      "rotated": false,
      "trimmed": true,
      "spriteSourceSize": {
        "x": 43,
        "y": 19,
        "w": 253,
        "h": 432
      },
      "sourceSize": {
        "w": 362,
        "h": 483
      },
      "pivot": {
        "x": 0.5,
        "y": 0.5
      }
    }
  },
  "meta": {
    "app": "http://free-tex-packer.com",
    "version": "0.6.7",
    "image": "Ninja-7.png",
    "format": "RGBA8888",
    "size": {
      "w": 2026,
      "h": 2048
    },
    "scale": 1
  }
}