{
  "frames": {
    "ninjagirlnew/Jump_Throw/Jump_Throw__004.png": {
      "frame": {
        "x": 2,
        "y": 2,
        "w": 361,
        "h": 452
      },
      "rotated": false,
      "trimmed": true,
      "spriteSourceSize": {
        "x": 12,
        "y": 34,
        "w": 361,
        "h": 452
      },
      "sourceSize": {
        "w": 425,
        "h": 497
      },
      "pivot": {
        "x": 0.5,
        "y": 0.5
      }
    },
    "ninjagirlnew/Glide/Glide_003.png": {
      "frame": {
        "x": 2,
        "y": 458,
        "w": 451,
        "h": 418
      },
      "rotated": true,
      "trimmed": true,
      "spriteSourceSize": {
        "x": 1,
        "y": 37,
        "w": 451,
        "h": 418
      },
      "sourceSize": {
        "w": 505,
        "h": 474
      },
      "pivot": {
        "x": 0.5,
        "y": 0.5
      }
    },
    "ninjagirlnew/Glide/Glide_007.png": {
      "frame": {
        "x": 367,
        "y": 2,
        "w": 451,
        "h": 418
      },
      "rotated": true,
      "trimmed": true,
      "spriteSourceSize": {
        "x": 1,
        "y": 37,
        "w": 451,
        "h": 418
      },
      "sourceSize": {
        "w": 505,
        "h": 474
      },
      "pivot": {
        "x": 0.5,
        "y": 0.5
      }
    },
    "ninjagirlnew/Glide/Glide_004.png": {
      "frame": {
        "x": 2,
        "y": 913,
        "w": 451,
        "h": 417
      },
      "rotated": true,
      "trimmed": true,
      "spriteSourceSize": {
        "x": 1,
        "y": 37,
        "w": 451,
        "h": 417
      },
      "sourceSize": {
        "w": 505,
        "h": 474
      },
      "pivot": {
        "x": 0.5,
        "y": 0.5
      }
    },
    "ninjagirlnew/Glide/Glide_006.png": {
      "frame": {
        "x": 2,
        "y": 1368,
        "w": 451,
        "h": 417
      },
      "rotated": true,
      "trimmed": true,
      "spriteSourceSize": {
        "x": 1,
        "y": 37,
        "w": 451,
        "h": 417
      },
      "sourceSize": {
        "w": 505,
        "h": 474
      },
      "pivot": {
        "x": 0.5,
        "y": 0.5
      }
    },
    "ninjagirlnew/Jump_Throw/Jump_Throw__006.png": {
      "frame": {
        "x": 423,
        "y": 913,
        "w": 362,
        "h": 449
      },
      "rotated": false,
      "trimmed": true,
      "spriteSourceSize": {
        "x": 14,
        "y": 36,
        "w": 362,
        "h": 449
      },
      "sourceSize": {
        "w": 425,
        "h": 497
      },
      "pivot": {
        "x": 0.5,
        "y": 0.5
      }
    },
    "Ninja/Run/Run__001.png": {
      "frame": {
        "x": 424,
        "y": 457,
        "w": 321,
        "h": 448
      },
      "rotated": false,
      "trimmed": true,
      "spriteSourceSize": {
        "x": 32,
        "y": 9,
        "w": 321,
        "h": 448
      },
      "sourceSize": {
        "w": 363,
        "h": 458
      },
      "pivot": {
        "x": 0.5,
        "y": 0.5
      }
    },
    "Ninja/Climb/Climb_002.png": {
      "frame": {
        "x": 749,
        "y": 457,
        "w": 269,
        "h": 448
      },
      "rotated": false,
      "trimmed": true,
      "spriteSourceSize": {
        "x": 2,
        "y": 3,
        "w": 269,
        "h": 448
      },
      "sourceSize": {
        "w": 282,
        "h": 464
      },
      "pivot": {
        "x": 0.5,
        "y": 0.5
      }
    },
    "Ninja/Climb/Climb_008.png": {
      "frame": {
        "x": 789,
        "y": 2,
        "w": 269,
        "h": 448
      },
      "rotated": false,
      "trimmed": true,
      "spriteSourceSize": {
        "x": 2,
        "y": 3,
        "w": 269,
        "h": 448
      },
      "sourceSize": {
        "w": 282,
        "h": 464
      },
      "pivot": {
        "x": 0.5,
        "y": 0.5
      }
    },
    "Ninja/Run/Run__006.png": {
      "frame": {
        "x": 423,
        "y": 1366,
        "w": 321,
        "h": 446
      },
      "rotated": false,
      "trimmed": true,
      "spriteSourceSize": {
        "x": 31,
        "y": 9,
        "w": 321,
        "h": 446
      },
      "sourceSize": {
        "w": 363,
        "h": 458
      },
      "pivot": {
        "x": 0.5,
        "y": 0.5
      }
    },
    "Ninja/Idle/Idle__002.png": {
      "frame": {
        "x": 423,
        "y": 1816,
        "w": 229,
        "h": 438
      },
      "rotated": true,
      "trimmed": true,
      "spriteSourceSize": {
        "x": 3,
        "y": 1,
        "w": 229,
        "h": 438
      },
      "sourceSize": {
        "w": 232,
        "h": 439
      },
      "pivot": {
        "x": 0.5,
        "y": 0.5
      }
    },
    "Ninja/Run/Run__002.png": {
      "frame": {
        "x": 748,
        "y": 1366,
        "w": 319,
        "h": 444
      },
      "rotated": false,
      "trimmed": true,
      "spriteSourceSize": {
        "x": 28,
        "y": 5,
        "w": 319,
        "h": 444
      },
      "sourceSize": {
        "w": 363,
        "h": 458
      },
      "pivot": {
        "x": 0.5,
        "y": 0.5
      }
    },
    "Ninja/Idle/Idle__003.png": {
      "frame": {
        "x": 865,
        "y": 1814,
        "w": 228,
        "h": 437
      },
      "rotated": true,
      "trimmed": true,
      "spriteSourceSize": {
        "x": 4,
        "y": 2,
        "w": 228,
        "h": 437
      },
      "sourceSize": {
        "w": 232,
        "h": 439
      },
      "pivot": {
        "x": 0.5,
        "y": 0.5
      }
    },
    "Ninja/Idle/Idle__004.png": {
      "frame": {
        "x": 1306,
        "y": 1814,
        "w": 227,
        "h": 436
      },
      "rotated": true,
      "trimmed": true,
      "spriteSourceSize": {
        "x": 5,
        "y": 3,
        "w": 227,
        "h": 436
      },
      "sourceSize": {
        "w": 232,
        "h": 439
      },
      "pivot": {
        "x": 0.5,
        "y": 0.5
      }
    },
    "Ninja/Jump_Throw/Jump_Throw__009.png": {
      "frame": {
        "x": 1746,
        "y": 2,
        "w": 300,
        "h": 412
      },
      "rotated": false,
      "trimmed": true,
      "spriteSourceSize": {
        "x": 50,
        "y": 15,
        "w": 300,
        "h": 412
      },
      "sourceSize": {
        "w": 360,
        "h": 431
      },
      "pivot": {
        "x": 0.5,
        "y": 0.5
      }
    },
    "Ninja/Jump_Attack/Jump_Attack__002.png": {
      "frame": {
        "x": 1746,
        "y": 418,
        "w": 299,
        "h": 408
      },
      "rotated": false,
      "trimmed": true,
      "spriteSourceSize": {
        "x": 31,
        "y": 21,
        "w": 299,
        "h": 408
      },
      "sourceSize": {
        "w": 504,
        "h": 522
      },
      "pivot": {
        "x": 0.5,
        "y": 0.5
      }
    },
    "Ninja/Dead/Dead__004.png": {
      "frame": {
        "x": 1746,
        "y": 830,
        "w": 417,
        "h": 298
      },
      "rotated": true,
      "trimmed": true,
      "spriteSourceSize": {
        "x": 18,
        "y": 180,
        "w": 417,
        "h": 298
      },
      "sourceSize": {
        "w": 482,
        "h": 498
      },
      "pivot": {
        "x": 0.5,
        "y": 0.5
      }
    },
    "Ninja/Jump_Throw/Jump_Throw__000.png": {
      "frame": {
        "x": 1746,
        "y": 1251,
        "w": 297,
        "h": 415
      },
      "rotated": false,
      "trimmed": true,
      "spriteSourceSize": {
        "x": 50,
        "y": 16,
        "w": 297,
        "h": 415
      },
      "sourceSize": {
        "w": 360,
        "h": 431
      },
      "pivot": {
        "x": 0.5,
        "y": 0.5
      }
    },
    "Ninja/Throw/Throw__002.png": {
      "frame": {
        "x": 789,
        "y": 909,
        "w": 314,
        "h": 444
      },
      "rotated": false,
      "trimmed": true,
      "spriteSourceSize": {
        "x": 49,
        "y": 5,
        "w": 314,
        "h": 444
      },
      "sourceSize": {
        "w": 377,
        "h": 451
      },
      "pivot": {
        "x": 0.5,
        "y": 0.5
      }
    },
    "Ninja/Throw/Throw__008.png": {
      "frame": {
        "x": 1022,
        "y": 454,
        "w": 292,
        "h": 444
      },
      "rotated": false,
      "trimmed": true,
      "spriteSourceSize": {
        "x": 75,
        "y": 7,
        "w": 292,
        "h": 444
      },
      "sourceSize": {
        "w": 377,
        "h": 451
      },
      "pivot": {
        "x": 0.5,
        "y": 0.5
      }
    },
    "Ninja/Attack/Attack__008.png": {
      "frame": {
        "x": 1318,
        "y": 2,
        "w": 416,
        "h": 422
      },
      "rotated": true,
      "trimmed": true,
      "spriteSourceSize": {
        "x": 14,
        "y": 31,
        "w": 416,
        "h": 422
      },
      "sourceSize": {
        "w": 536,
        "h": 495
      },
      "pivot": {
        "x": 0.5,
        "y": 0.5
      }
    },
    "Ninja/Run/Run__003.png": {
      "frame": {
        "x": 1318,
        "y": 422,
        "w": 351,
        "h": 420
      },
      "rotated": true,
      "trimmed": true,
      "spriteSourceSize": {
        "x": 0,
        "y": 8,
        "w": 351,
        "h": 420
      },
      "sourceSize": {
        "w": 363,
        "h": 458
      },
      "pivot": {
        "x": 0.5,
        "y": 0.5
      }
    },
    "Ninja/Run/Run__009.png": {
      "frame": {
        "x": 1318,
        "y": 777,
        "w": 326,
        "h": 420
      },
      "rotated": true,
      "trimmed": true,
      "spriteSourceSize": {
        "x": 34,
        "y": 15,
        "w": 326,
        "h": 420
      },
      "sourceSize": {
        "w": 363,
        "h": 458
      },
      "pivot": {
        "x": 0.5,
        "y": 0.5
      }
    },
    "Platform/Tiles/Tile (6).png": {
      "frame": {
        "x": 1062,
        "y": 2,
        "w": 246,
        "h": 256
      },
      "rotated": false,
      "trimmed": true,
      "spriteSourceSize": {
        "x": 0,
        "y": 0,
        "w": 246,
        "h": 256
      },
      "sourceSize": {
        "w": 256,
        "h": 256
      },
      "pivot": {
        "x": 0.5,
        "y": 0.5
      }
    },
    "ninjagirlnew/Dead/Dead__003.png": {
      "frame": {
        "x": 1071,
        "y": 1357,
        "w": 435,
        "h": 384
      },
      "rotated": true,
      "trimmed": true,
      "spriteSourceSize": {
        "x": 54,
        "y": 166,
        "w": 435,
        "h": 384
      },
      "sourceSize": {
        "w": 578,
        "h": 599
      },
      "pivot": {
        "x": 0.5,
        "y": 0.5
      }
    },
    "Ninja/Dead/Dead__001.png": {
      "frame": {
        "x": 1459,
        "y": 1107,
        "w": 264,
        "h": 433
      },
      "rotated": false,
      "trimmed": true,
      "spriteSourceSize": {
        "x": 8,
        "y": 43,
        "w": 264,
        "h": 433
      },
      "sourceSize": {
        "w": 482,
        "h": 498
      },
      "pivot": {
        "x": 0.5,
        "y": 0.5
      }
    },
    "Platform/Tiles/BGTile (4).png": {
      "frame": {
        "x": 1459,
        "y": 1544,
        "w": 256,
        "h": 256
      },
      "rotated": false,
      "trimmed": false,
      "spriteSourceSize": {
        "x": 0,
        "y": 0,
        "w": 256,
        "h": 256
      },
      "sourceSize": {
        "w": 256,
        "h": 256
      },
      "pivot": {
        "x": 0.5,
        "y": 0.5
      }
    },
    "Platform/Tiles/BGTile (5).png": {
      "frame": {
        "x": 1746,
        "y": 1670,
        "w": 256,
        "h": 256
      },
      "rotated": false,
      "trimmed": false,
      "spriteSourceSize": {
        "x": 0,
        "y": 0,
        "w": 256,
        "h": 256
      },
      "sourceSize": {
        "w": 256,
        "h": 256
      },
      "pivot": {
        "x": 0.5,
        "y": 0.5
      }
    },
    "Ninja/Idle/Idle__008.png": {
      "frame": {
        "x": 423,
        "y": 1816,
        "w": 229,
        "h": 438
      },
      "rotated": true,
      "trimmed": true,
      "spriteSourceSize": {
        "x": 3,
        "y": 1,
        "w": 229,
        "h": 438
      },
      "sourceSize": {
        "w": 232,
        "h": 439
      },
      "pivot": {
        "x": 0.5,
        "y": 0.5
      }
    },
    "Ninja/Idle/Idle__007.png": {
      "frame": {
        "x": 865,
        "y": 1814,
        "w": 228,
        "h": 437
      },
      "rotated": true,
      "trimmed": true,
      "spriteSourceSize": {
        "x": 4,
        "y": 2,
        "w": 228,
        "h": 437
      },
      "sourceSize": {
        "w": 232,
        "h": 439
      },
      "pivot": {
        "x": 0.5,
        "y": 0.5
      }
    },
    "Ninja/Idle/Idle__006.png": {
      "frame": {
        "x": 1306,
        "y": 1814,
        "w": 227,
        "h": 436
      },
      "rotated": true,
      "trimmed": true,
      "spriteSourceSize": {
        "x": 5,
        "y": 3,
        "w": 227,
        "h": 436
      },
      "sourceSize": {
        "w": 232,
        "h": 439
      },
      "pivot": {
        "x": 0.5,
        "y": 0.5
      }
    }
  },
  "meta": {
    "app": "http://free-tex-packer.com",
    "version": "0.6.7",
    "image": "Ninja-6.png",
    "format": "RGBA8888",
    "size": {
      "w": 2048,
      "h": 2047
    },
    "scale": 1
  }
}