{
  "frames": {
    "ninjagirlnew/Throw/Throw__009.png": {
      "frame": {
        "x": 2,
        "y": 2,
        "w": 286,
        "h": 496
      },
      "rotated": false,
      "trimmed": true,
      "spriteSourceSize": {
        "x": 64,
        "y": 17,
        "w": 286,
        "h": 496
      },
      "sourceSize": {
        "w": 383,
        "h": 514
      },
      "pivot": {
        "x": 0.5,
        "y": 0.5
      }
    },
    "ninjagirlnew/Idle/Idle__005.png": {
      "frame": {
        "x": 2,
        "y": 502,
        "w": 283,
        "h": 496
      },
      "rotated": false,
      "trimmed": true,
      "spriteSourceSize": {
        "x": 6,
        "y": 4,
        "w": 283,
        "h": 496
      },
      "sourceSize": {
        "w": 290,
        "h": 500
      },
      "pivot": {
        "x": 0.5,
        "y": 0.5
      }
    },
    "ninjagirlnew/Dead/Dead__005.png": {
      "frame": {
        "x": 2,
        "y": 1002,
        "w": 491,
        "h": 324
      },
      "rotated": true,
      "trimmed": true,
      "spriteSourceSize": {
        "x": 42,
        "y": 239,
        "w": 491,
        "h": 324
      },
      "sourceSize": {
        "w": 578,
        "h": 599
      },
      "pivot": {
        "x": 0.5,
        "y": 0.5
      }
    },
    "ninjagirlnew/Attack/Attack__002.png": {
      "frame": {
        "x": 289,
        "y": 502,
        "w": 312,
        "h": 491
      },
      "rotated": false,
      "trimmed": true,
      "spriteSourceSize": {
        "x": 5,
        "y": 31,
        "w": 312,
        "h": 491
      },
      "sourceSize": {
        "w": 524,
        "h": 565
      },
      "pivot": {
        "x": 0.5,
        "y": 0.5
      }
    },
    "ninjagirlnew/Climb/Climb_005.png": {
      "frame": {
        "x": 292,
        "y": 2,
        "w": 318,
        "h": 490
      },
      "rotated": false,
      "trimmed": true,
      "spriteSourceSize": {
        "x": 36,
        "y": 7,
        "w": 318,
        "h": 490
      },
      "sourceSize": {
        "w": 361,
        "h": 497
      },
      "pivot": {
        "x": 0.5,
        "y": 0.5
      }
    },
    "Ninja/Jump_Attack/Jump_Attack__005.png": {
      "frame": {
        "x": 605,
        "y": 496,
        "w": 489,
        "h": 489
      },
      "rotated": false,
      "trimmed": true,
      "spriteSourceSize": {
        "x": 15,
        "y": 30,
        "w": 489,
        "h": 489
      },
      "sourceSize": {
        "w": 504,
        "h": 522
      },
      "pivot": {
        "x": 0.5,
        "y": 0.5
      }
    },
    "Ninja/Attack/Attack__003.png": {
      "frame": {
        "x": 614,
        "y": 2,
        "w": 489,
        "h": 438
      },
      "rotated": true,
      "trimmed": true,
      "spriteSourceSize": {
        "x": 47,
        "y": 15,
        "w": 489,
        "h": 438
      },
      "sourceSize": {
        "w": 536,
        "h": 495
      },
      "pivot": {
        "x": 0.5,
        "y": 0.5
      }
    },
    "ninjagirlnew/Attack/Attack__004.png": {
      "frame": {
        "x": 1056,
        "y": 2,
        "w": 487,
        "h": 482
      },
      "rotated": true,
      "trimmed": true,
      "spriteSourceSize": {
        "x": 37,
        "y": 40,
        "w": 487,
        "h": 482
      },
      "sourceSize": {
        "w": 524,
        "h": 565
      },
      "pivot": {
        "x": 0.5,
        "y": 0.5
      }
    },
    "ninjagirlnew/Climb/Climb_004.png": {
      "frame": {
        "x": 1542,
        "y": 2,
        "w": 318,
        "h": 487
      },
      "rotated": true,
      "trimmed": true,
      "spriteSourceSize": {
        "x": 29,
        "y": 6,
        "w": 318,
        "h": 487
      },
      "sourceSize": {
        "w": 361,
        "h": 497
      },
      "pivot": {
        "x": 0.5,
        "y": 0.5
      }
    },
    "ninjagirlnew/Climb/Climb_006.png": {
      "frame": {
        "x": 1542,
        "y": 324,
        "w": 318,
        "h": 487
      },
      "rotated": true,
      "trimmed": true,
      "spriteSourceSize": {
        "x": 29,
        "y": 6,
        "w": 318,
        "h": 487
      },
      "sourceSize": {
        "w": 361,
        "h": 497
      },
      "pivot": {
        "x": 0.5,
        "y": 0.5
      }
    },
    "Ninja/Dead/Dead__006.png": {
      "frame": {
        "x": 1098,
        "y": 493,
        "w": 440,
        "h": 257
      },
      "rotated": false,
      "trimmed": true,
      "spriteSourceSize": {
        "x": 9,
        "y": 223,
        "w": 440,
        "h": 257
      },
      "sourceSize": {
        "w": 482,
        "h": 498
      },
      "pivot": {
        "x": 0.5,
        "y": 0.5
      }
    },
    "ninjagirlnew/Run/Run__007.png": {
      "frame": {
        "x": 1542,
        "y": 646,
        "w": 323,
        "h": 486
      },
      "rotated": true,
      "trimmed": true,
      "spriteSourceSize": {
        "x": 29,
        "y": 9,
        "w": 323,
        "h": 486
      },
      "sourceSize": {
        "w": 376,
        "h": 520
      },
      "pivot": {
        "x": 0.5,
        "y": 0.5
      }
    },
    "Ninja/Attack/Attack__002.png": {
      "frame": {
        "x": 1098,
        "y": 754,
        "w": 296,
        "h": 439
      },
      "rotated": true,
      "trimmed": true,
      "spriteSourceSize": {
        "x": 18,
        "y": 14,
        "w": 296,
        "h": 439
      },
      "sourceSize": {
        "w": 536,
        "h": 495
      },
      "pivot": {
        "x": 0.5,
        "y": 0.5
      }
    },
    "Ninja/Idle/Idle__000.png": {
      "frame": {
        "x": 1098,
        "y": 1054,
        "w": 232,
        "h": 439
      },
      "rotated": true,
      "trimmed": false,
      "spriteSourceSize": {
        "x": 0,
        "y": 0,
        "w": 232,
        "h": 439
      },
      "sourceSize": {
        "w": 232,
        "h": 439
      },
      "pivot": {
        "x": 0.5,
        "y": 0.5
      }
    },
    "ninjagirlnew/Climb/Climb_000.png": {
      "frame": {
        "x": 605,
        "y": 989,
        "w": 318,
        "h": 485
      },
      "rotated": true,
      "trimmed": true,
      "spriteSourceSize": {
        "x": 3,
        "y": 5,
        "w": 318,
        "h": 485
      },
      "sourceSize": {
        "w": 361,
        "h": 497
      },
      "pivot": {
        "x": 0.5,
        "y": 0.5
      }
    },
    "Ninja/Climb/Climb_003.png": {
      "frame": {
        "x": 330,
        "y": 997,
        "w": 270,
        "h": 443
      },
      "rotated": false,
      "trimmed": true,
      "spriteSourceSize": {
        "x": 7,
        "y": 3,
        "w": 270,
        "h": 443
      },
      "sourceSize": {
        "w": 282,
        "h": 464
      },
      "pivot": {
        "x": 0.5,
        "y": 0.5
      }
    },
    "Ninja/Climb/Climb_007.png": {
      "frame": {
        "x": 330,
        "y": 1444,
        "w": 270,
        "h": 443
      },
      "rotated": false,
      "trimmed": true,
      "spriteSourceSize": {
        "x": 7,
        "y": 3,
        "w": 270,
        "h": 443
      },
      "sourceSize": {
        "w": 282,
        "h": 464
      },
      "pivot": {
        "x": 0.5,
        "y": 0.5
      }
    },
    "Ninja/Throw/Throw__007.png": {
      "frame": {
        "x": 2,
        "y": 1497,
        "w": 323,
        "h": 446
      },
      "rotated": false,
      "trimmed": true,
      "spriteSourceSize": {
        "x": 45,
        "y": 5,
        "w": 323,
        "h": 446
      },
      "sourceSize": {
        "w": 377,
        "h": 451
      },
      "pivot": {
        "x": 0.5,
        "y": 0.5
      }
    },
    "ninjagirlnew/Jump_Attack/Jump_Attack__000.png": {
      "frame": {
        "x": 1541,
        "y": 973,
        "w": 298,
        "h": 485
      },
      "rotated": true,
      "trimmed": true,
      "spriteSourceSize": {
        "x": 22,
        "y": 27,
        "w": 298,
        "h": 485
      },
      "sourceSize": {
        "w": 495,
        "h": 583
      },
      "pivot": {
        "x": 0.5,
        "y": 0.5
      }
    },
    "ninjagirlnew/Throw/Throw__000.png": {
      "frame": {
        "x": 1541,
        "y": 1275,
        "w": 292,
        "h": 485
      },
      "rotated": true,
      "trimmed": true,
      "spriteSourceSize": {
        "x": 76,
        "y": 24,
        "w": 292,
        "h": 485
      },
      "sourceSize": {
        "w": 383,
        "h": 514
      },
      "pivot": {
        "x": 0.5,
        "y": 0.5
      }
    },
    "Ninja/Throw/Throw__004.png": {
      "frame": {
        "x": 1094,
        "y": 1290,
        "w": 299,
        "h": 443
      },
      "rotated": true,
      "trimmed": true,
      "spriteSourceSize": {
        "x": 11,
        "y": 5,
        "w": 299,
        "h": 443
      },
      "sourceSize": {
        "w": 377,
        "h": 451
      },
      "pivot": {
        "x": 0.5,
        "y": 0.5
      }
    },
    "Ninja/Throw/Throw__005.png": {
      "frame": {
        "x": 1094,
        "y": 1593,
        "w": 297,
        "h": 443
      },
      "rotated": true,
      "trimmed": true,
      "spriteSourceSize": {
        "x": 13,
        "y": 5,
        "w": 297,
        "h": 443
      },
      "sourceSize": {
        "w": 377,
        "h": 451
      },
      "pivot": {
        "x": 0.5,
        "y": 0.5
      }
    },
    "ninjagirlnew/Dead/Dead__004.png": {
      "frame": {
        "x": 1541,
        "y": 1571,
        "w": 475,
        "h": 315
      },
      "rotated": true,
      "trimmed": true,
      "spriteSourceSize": {
        "x": 44,
        "y": 225,
        "w": 475,
        "h": 315
      },
      "sourceSize": {
        "w": 578,
        "h": 599
      },
      "pivot": {
        "x": 0.5,
        "y": 0.5
      }
    },
    "ninjagirlnew/Attack/Attack__000.png": {
      "frame": {
        "x": 604,
        "y": 1311,
        "w": 289,
        "h": 485
      },
      "rotated": true,
      "trimmed": true,
      "spriteSourceSize": {
        "x": 45,
        "y": 37,
        "w": 289,
        "h": 485
      },
      "sourceSize": {
        "w": 524,
        "h": 565
      },
      "pivot": {
        "x": 0.5,
        "y": 0.5
      }
    },
    "ninjagirlnew/Climb/Climb_001.png": {
      "frame": {
        "x": 604,
        "y": 1604,
        "w": 317,
        "h": 482
      },
      "rotated": true,
      "trimmed": true,
      "spriteSourceSize": {
        "x": 10,
        "y": 5,
        "w": 317,
        "h": 482
      },
      "sourceSize": {
        "w": 361,
        "h": 497
      },
      "pivot": {
        "x": 0.5,
        "y": 0.5
      }
    },
    "Platform/Tiles/Tile (14).png": {
      "frame": {
        "x": 329,
        "y": 1894,
        "w": 256,
        "h": 131
      },
      "rotated": false,
      "trimmed": true,
      "spriteSourceSize": {
        "x": 0,
        "y": 0,
        "w": 256,
        "h": 131
      },
      "sourceSize": {
        "w": 256,
        "h": 256
      },
      "pivot": {
        "x": 0.5,
        "y": 0.5
      }
    },
    "Platform/Tiles/Tile (15).png": {
      "frame": {
        "x": 1090,
        "y": 1894,
        "w": 256,
        "h": 131
      },
      "rotated": false,
      "trimmed": true,
      "spriteSourceSize": {
        "x": 0,
        "y": 0,
        "w": 256,
        "h": 131
      },
      "sourceSize": {
        "w": 256,
        "h": 256
      },
      "pivot": {
        "x": 0.5,
        "y": 0.5
      }
    },
    "Ninja/White/2x/fastForward.png": {
      "frame": {
        "x": 2,
        "y": 1947,
        "w": 76,
        "h": 64
      },
      "rotated": true,
      "trimmed": true,
      "spriteSourceSize": {
        "x": 14,
        "y": 20,
        "w": 76,
        "h": 64
      },
      "sourceSize": {
        "w": 100,
        "h": 100
      },
      "pivot": {
        "x": 0.5,
        "y": 0.5
      }
    },
    "Ninja/White/2x/rewind.png": {
      "frame": {
        "x": 70,
        "y": 1947,
        "w": 76,
        "h": 64
      },
      "rotated": true,
      "trimmed": true,
      "spriteSourceSize": {
        "x": 14,
        "y": 20,
        "w": 76,
        "h": 64
      },
      "sourceSize": {
        "w": 100,
        "h": 100
      },
      "pivot": {
        "x": 0.5,
        "y": 0.5
      }
    },
    "Ninja/White/2x/unlocked.png": {
      "frame": {
        "x": 138,
        "y": 1947,
        "w": 64,
        "h": 76
      },
      "rotated": false,
      "trimmed": true,
      "spriteSourceSize": {
        "x": 20,
        "y": 14,
        "w": 64,
        "h": 76
      },
      "sourceSize": {
        "w": 100,
        "h": 100
      },
      "pivot": {
        "x": 0.5,
        "y": 0.5
      }
    },
    "Ninja/White/2x/leaderboardsSimple.png": {
      "frame": {
        "x": 206,
        "y": 1947,
        "w": 72,
        "h": 48
      },
      "rotated": true,
      "trimmed": true,
      "spriteSourceSize": {
        "x": 12,
        "y": 36,
        "w": 72,
        "h": 48
      },
      "sourceSize": {
        "w": 100,
        "h": 100
      },
      "pivot": {
        "x": 0.5,
        "y": 0.5
      }
    },
    "Ninja/Black/2x/medal2.png": {
      "frame": {
        "x": 258,
        "y": 1947,
        "w": 61,
        "h": 67
      },
      "rotated": true,
      "trimmed": true,
      "spriteSourceSize": {
        "x": 21,
        "y": 20,
        "w": 61,
        "h": 67
      },
      "sourceSize": {
        "w": 100,
        "h": 100
      },
      "pivot": {
        "x": 0.5,
        "y": 0.5
      }
    },
    "Ninja/White/1x/share2.png": {
      "frame": {
        "x": 258,
        "y": 2012,
        "w": 34,
        "h": 36
      },
      "rotated": true,
      "trimmed": true,
      "spriteSourceSize": {
        "x": 8,
        "y": 8,
        "w": 34,
        "h": 36
      },
      "sourceSize": {
        "w": 50,
        "h": 50
      },
      "pivot": {
        "x": 0.5,
        "y": 0.5
      }
    },
    "Ninja/Black/1x/medal1.png": {
      "frame": {
        "x": 298,
        "y": 2012,
        "w": 24,
        "h": 34
      },
      "rotated": false,
      "trimmed": true,
      "spriteSourceSize": {
        "x": 14,
        "y": 10,
        "w": 24,
        "h": 34
      },
      "sourceSize": {
        "w": 50,
        "h": 50
      },
      "pivot": {
        "x": 0.5,
        "y": 0.5
      }
    },
    "Ninja/Black/2x/trashcan.png": {
      "frame": {
        "x": 589,
        "y": 1925,
        "w": 48,
        "h": 71
      },
      "rotated": false,
      "trimmed": true,
      "spriteSourceSize": {
        "x": 26,
        "y": 18,
        "w": 48,
        "h": 71
      },
      "sourceSize": {
        "w": 100,
        "h": 100
      },
      "pivot": {
        "x": 0.5,
        "y": 0.5
      }
    },
    "Ninja/White/2x/up.png": {
      "frame": {
        "x": 589,
        "y": 2000,
        "w": 64,
        "h": 40
      },
      "rotated": false,
      "trimmed": true,
      "spriteSourceSize": {
        "x": 18,
        "y": 30,
        "w": 64,
        "h": 40
      },
      "sourceSize": {
        "w": 100,
        "h": 100
      },
      "pivot": {
        "x": 0.5,
        "y": 0.5
      }
    },
    "Ninja/White/2x/trashcan.png": {
      "frame": {
        "x": 641,
        "y": 1925,
        "w": 48,
        "h": 71
      },
      "rotated": false,
      "trimmed": true,
      "spriteSourceSize": {
        "x": 26,
        "y": 18,
        "w": 48,
        "h": 71
      },
      "sourceSize": {
        "w": 100,
        "h": 100
      },
      "pivot": {
        "x": 0.5,
        "y": 0.5
      }
    },
    "Ninja/Black/1x/gamepad2.png": {
      "frame": {
        "x": 657,
        "y": 2000,
        "w": 39,
        "h": 37
      },
      "rotated": true,
      "trimmed": true,
      "spriteSourceSize": {
        "x": 6,
        "y": 8,
        "w": 39,
        "h": 37
      },
      "sourceSize": {
        "w": 50,
        "h": 50
      },
      "pivot": {
        "x": 0.5,
        "y": 0.5
      }
    },
    "Ninja/Black/2x/joystickRight.png": {
      "frame": {
        "x": 693,
        "y": 1925,
        "w": 60,
        "h": 70
      },
      "rotated": false,
      "trimmed": true,
      "spriteSourceSize": {
        "x": 22,
        "y": 18,
        "w": 60,
        "h": 70
      },
      "sourceSize": {
        "w": 100,
        "h": 100
      },
      "pivot": {
        "x": 0.5,
        "y": 0.5
      }
    },
    "Ninja/Black/1x/gamepad3.png": {
      "frame": {
        "x": 698,
        "y": 1999,
        "w": 39,
        "h": 37
      },
      "rotated": true,
      "trimmed": true,
      "spriteSourceSize": {
        "x": 6,
        "y": 8,
        "w": 39,
        "h": 37
      },
      "sourceSize": {
        "w": 50,
        "h": 50
      },
      "pivot": {
        "x": 0.5,
        "y": 0.5
      }
    },
    "Ninja/Black/1x/gamepad4.png": {
      "frame": {
        "x": 739,
        "y": 1999,
        "w": 39,
        "h": 37
      },
      "rotated": true,
      "trimmed": true,
      "spriteSourceSize": {
        "x": 6,
        "y": 8,
        "w": 39,
        "h": 37
      },
      "sourceSize": {
        "w": 50,
        "h": 50
      },
      "pivot": {
        "x": 0.5,
        "y": 0.5
      }
    },
    "Ninja/Black/2x/joystickUp.png": {
      "frame": {
        "x": 757,
        "y": 1925,
        "w": 60,
        "h": 70
      },
      "rotated": false,
      "trimmed": true,
      "spriteSourceSize": {
        "x": 22,
        "y": 18,
        "w": 60,
        "h": 70
      },
      "sourceSize": {
        "w": 100,
        "h": 100
      },
      "pivot": {
        "x": 0.5,
        "y": 0.5
      }
    },
    "Ninja/White/1x/gamepad2.png": {
      "frame": {
        "x": 780,
        "y": 1999,
        "w": 39,
        "h": 37
      },
      "rotated": true,
      "trimmed": true,
      "spriteSourceSize": {
        "x": 6,
        "y": 8,
        "w": 39,
        "h": 37
      },
      "sourceSize": {
        "w": 50,
        "h": 50
      },
      "pivot": {
        "x": 0.5,
        "y": 0.5
      }
    },
    "Ninja/White/2x/joystickLeft.png": {
      "frame": {
        "x": 821,
        "y": 1925,
        "w": 60,
        "h": 70
      },
      "rotated": false,
      "trimmed": true,
      "spriteSourceSize": {
        "x": 22,
        "y": 18,
        "w": 60,
        "h": 70
      },
      "sourceSize": {
        "w": 100,
        "h": 100
      },
      "pivot": {
        "x": 0.5,
        "y": 0.5
      }
    },
    "Ninja/White/1x/gamepad3.png": {
      "frame": {
        "x": 821,
        "y": 1999,
        "w": 39,
        "h": 37
      },
      "rotated": true,
      "trimmed": true,
      "spriteSourceSize": {
        "x": 6,
        "y": 8,
        "w": 39,
        "h": 37
      },
      "sourceSize": {
        "w": 50,
        "h": 50
      },
      "pivot": {
        "x": 0.5,
        "y": 0.5
      }
    },
    "Ninja/White/1x/gamepad4.png": {
      "frame": {
        "x": 862,
        "y": 1999,
        "w": 39,
        "h": 37
      },
      "rotated": true,
      "trimmed": true,
      "spriteSourceSize": {
        "x": 6,
        "y": 8,
        "w": 39,
        "h": 37
      },
      "sourceSize": {
        "w": 50,
        "h": 50
      },
      "pivot": {
        "x": 0.5,
        "y": 0.5
      }
    },
    "Ninja/White/2x/joystickRight.png": {
      "frame": {
        "x": 885,
        "y": 1925,
        "w": 60,
        "h": 70
      },
      "rotated": false,
      "trimmed": true,
      "spriteSourceSize": {
        "x": 22,
        "y": 18,
        "w": 60,
        "h": 70
      },
      "sourceSize": {
        "w": 100,
        "h": 100
      },
      "pivot": {
        "x": 0.5,
        "y": 0.5
      }
    },
    "Ninja/White/1x/fastForward.png": {
      "frame": {
        "x": 903,
        "y": 1999,
        "w": 38,
        "h": 32
      },
      "rotated": true,
      "trimmed": true,
      "spriteSourceSize": {
        "x": 7,
        "y": 10,
        "w": 38,
        "h": 32
      },
      "sourceSize": {
        "w": 50,
        "h": 50
      },
      "pivot": {
        "x": 0.5,
        "y": 0.5
      }
    },
    "Ninja/White/1x/rewind.png": {
      "frame": {
        "x": 939,
        "y": 1999,
        "w": 38,
        "h": 32
      },
      "rotated": true,
      "trimmed": true,
      "spriteSourceSize": {
        "x": 7,
        "y": 10,
        "w": 38,
        "h": 32
      },
      "sourceSize": {
        "w": 50,
        "h": 50
      },
      "pivot": {
        "x": 0.5,
        "y": 0.5
      }
    },
    "Ninja/White/2x/joystickUp.png": {
      "frame": {
        "x": 949,
        "y": 1925,
        "w": 60,
        "h": 70
      },
      "rotated": false,
      "trimmed": true,
      "spriteSourceSize": {
        "x": 22,
        "y": 18,
        "w": 60,
        "h": 70
      },
      "sourceSize": {
        "w": 100,
        "h": 100
      },
      "pivot": {
        "x": 0.5,
        "y": 0.5
      }
    },
    "Ninja/Black/2x/mouse.png": {
      "frame": {
        "x": 1013,
        "y": 1925,
        "w": 56,
        "h": 70
      },
      "rotated": true,
      "trimmed": true,
      "spriteSourceSize": {
        "x": 24,
        "y": 18,
        "w": 56,
        "h": 70
      },
      "sourceSize": {
        "w": 100,
        "h": 100
      },
      "pivot": {
        "x": 0.5,
        "y": 0.5
      }
    },
    "Ninja/White/2x/medal2.png": {
      "frame": {
        "x": 1013,
        "y": 1985,
        "w": 61,
        "h": 67
      },
      "rotated": true,
      "trimmed": true,
      "spriteSourceSize": {
        "x": 21,
        "y": 20,
        "w": 61,
        "h": 67
      },
      "sourceSize": {
        "w": 100,
        "h": 100
      },
      "pivot": {
        "x": 0.5,
        "y": 0.5
      }
    },
    "Ninja/Black/1x/power.png": {
      "frame": {
        "x": 975,
        "y": 1999,
        "w": 34,
        "h": 34
      },
      "rotated": false,
      "trimmed": true,
      "spriteSourceSize": {
        "x": 9,
        "y": 10,
        "w": 34,
        "h": 34
      },
      "sourceSize": {
        "w": 50,
        "h": 50
      },
      "pivot": {
        "x": 0.5,
        "y": 0.5
      }
    },
    "Ninja/White/2x/mouse.png": {
      "frame": {
        "x": 1350,
        "y": 1894,
        "w": 56,
        "h": 70
      },
      "rotated": false,
      "trimmed": true,
      "spriteSourceSize": {
        "x": 24,
        "y": 18,
        "w": 56,
        "h": 70
      },
      "sourceSize": {
        "w": 100,
        "h": 100
      },
      "pivot": {
        "x": 0.5,
        "y": 0.5
      }
    },
    "Ninja/Black/2x/multiplayer.png": {
      "frame": {
        "x": 1350,
        "y": 1968,
        "w": 70,
        "h": 48
      },
      "rotated": true,
      "trimmed": true,
      "spriteSourceSize": {
        "x": 16,
        "y": 28,
        "w": 70,
        "h": 48
      },
      "sourceSize": {
        "w": 100,
        "h": 100
      },
      "pivot": {
        "x": 0.5,
        "y": 0.5
      }
    },
    "Ninja/White/2x/multiplayer.png": {
      "frame": {
        "x": 1402,
        "y": 1968,
        "w": 70,
        "h": 48
      },
      "rotated": true,
      "trimmed": true,
      "spriteSourceSize": {
        "x": 16,
        "y": 28,
        "w": 70,
        "h": 48
      },
      "sourceSize": {
        "w": 100,
        "h": 100
      },
      "pivot": {
        "x": 0.5,
        "y": 0.5
      }
    },
    "Ninja/Black/2x/tablet.png": {
      "frame": {
        "x": 1410,
        "y": 1894,
        "w": 54,
        "h": 69
      },
      "rotated": false,
      "trimmed": true,
      "spriteSourceSize": {
        "x": 22,
        "y": 16,
        "w": 54,
        "h": 69
      },
      "sourceSize": {
        "w": 100,
        "h": 100
      },
      "pivot": {
        "x": 0.5,
        "y": 0.5
      }
    },
    "Ninja/White/2x/tablet.png": {
      "frame": {
        "x": 1468,
        "y": 1894,
        "w": 54,
        "h": 69
      },
      "rotated": true,
      "trimmed": true,
      "spriteSourceSize": {
        "x": 22,
        "y": 16,
        "w": 54,
        "h": 69
      },
      "sourceSize": {
        "w": 100,
        "h": 100
      },
      "pivot": {
        "x": 0.5,
        "y": 0.5
      }
    },
    "Ninja/Black/2x/power.png": {
      "frame": {
        "x": 1468,
        "y": 1952,
        "w": 68,
        "h": 68
      },
      "rotated": false,
      "trimmed": true,
      "spriteSourceSize": {
        "x": 18,
        "y": 20,
        "w": 68,
        "h": 68
      },
      "sourceSize": {
        "w": 100,
        "h": 100
      },
      "pivot": {
        "x": 0.5,
        "y": 0.5
      }
    },
    "Ninja/White/2x/power.png": {
      "frame": {
        "x": 1860,
        "y": 1571,
        "w": 68,
        "h": 68
      },
      "rotated": false,
      "trimmed": true,
      "spriteSourceSize": {
        "x": 18,
        "y": 20,
        "w": 68,
        "h": 68
      },
      "sourceSize": {
        "w": 100,
        "h": 100
      },
      "pivot": {
        "x": 0.5,
        "y": 0.5
      }
    },
    "Ninja/Black/2x/arrowDown.png": {
      "frame": {
        "x": 1932,
        "y": 1571,
        "w": 56,
        "h": 68
      },
      "rotated": true,
      "trimmed": true,
      "spriteSourceSize": {
        "x": 22,
        "y": 16,
        "w": 56,
        "h": 68
      },
      "sourceSize": {
        "w": 100,
        "h": 100
      },
      "pivot": {
        "x": 0.5,
        "y": 0.5
      }
    },
    "Ninja/White/1x/unlocked.png": {
      "frame": {
        "x": 2004,
        "y": 1571,
        "w": 32,
        "h": 38
      },
      "rotated": true,
      "trimmed": true,
      "spriteSourceSize": {
        "x": 10,
        "y": 7,
        "w": 32,
        "h": 38
      },
      "sourceSize": {
        "w": 50,
        "h": 50
      },
      "pivot": {
        "x": 0.5,
        "y": 0.5
      }
    },
    "Ninja/Black/2x/information.png": {
      "frame": {
        "x": 2004,
        "y": 1607,
        "w": 36,
        "h": 68
      },
      "rotated": false,
      "trimmed": true,
      "spriteSourceSize": {
        "x": 34,
        "y": 18,
        "w": 36,
        "h": 68
      },
      "sourceSize": {
        "w": 100,
        "h": 100
      },
      "pivot": {
        "x": 0.5,
        "y": 0.5
      }
    },
    "Ninja/Black/2x/arrowLeft.png": {
      "frame": {
        "x": 1932,
        "y": 1631,
        "w": 68,
        "h": 56
      },
      "rotated": false,
      "trimmed": true,
      "spriteSourceSize": {
        "x": 16,
        "y": 22,
        "w": 68,
        "h": 56
      },
      "sourceSize": {
        "w": 100,
        "h": 100
      },
      "pivot": {
        "x": 0.5,
        "y": 0.5
      }
    },
    "Ninja/Black/2x/arrowRight.png": {
      "frame": {
        "x": 1860,
        "y": 1643,
        "w": 68,
        "h": 56
      },
      "rotated": false,
      "trimmed": true,
      "spriteSourceSize": {
        "x": 16,
        "y": 22,
        "w": 68,
        "h": 56
      },
      "sourceSize": {
        "w": 100,
        "h": 100
      },
      "pivot": {
        "x": 0.5,
        "y": 0.5
      }
    },
    "Ninja/White/2x/information.png": {
      "frame": {
        "x": 2004,
        "y": 1679,
        "w": 36,
        "h": 68
      },
      "rotated": false,
      "trimmed": true,
      "spriteSourceSize": {
        "x": 34,
        "y": 18,
        "w": 36,
        "h": 68
      },
      "sourceSize": {
        "w": 100,
        "h": 100
      },
      "pivot": {
        "x": 0.5,
        "y": 0.5
      }
    },
    "Ninja/Black/2x/arrowUp.png": {
      "frame": {
        "x": 1932,
        "y": 1691,
        "w": 56,
        "h": 68
      },
      "rotated": true,
      "trimmed": true,
      "spriteSourceSize": {
        "x": 22,
        "y": 16,
        "w": 56,
        "h": 68
      },
      "sourceSize": {
        "w": 100,
        "h": 100
      },
      "pivot": {
        "x": 0.5,
        "y": 0.5
      }
    },
    "Ninja/Black/2x/leaderboardsComplex.png": {
      "frame": {
        "x": 1860,
        "y": 1703,
        "w": 68,
        "h": 56
      },
      "rotated": false,
      "trimmed": true,
      "spriteSourceSize": {
        "x": 18,
        "y": 26,
        "w": 68,
        "h": 56
      },
      "sourceSize": {
        "w": 100,
        "h": 100
      },
      "pivot": {
        "x": 0.5,
        "y": 0.5
      }
    },
    "Ninja/White/2x/arrowDown.png": {
      "frame": {
        "x": 1932,
        "y": 1751,
        "w": 56,
        "h": 68
      },
      "rotated": true,
      "trimmed": true,
      "spriteSourceSize": {
        "x": 22,
        "y": 16,
        "w": 56,
        "h": 68
      },
      "sourceSize": {
        "w": 100,
        "h": 100
      },
      "pivot": {
        "x": 0.5,
        "y": 0.5
      }
    },
    "Ninja/White/2x/arrowLeft.png": {
      "frame": {
        "x": 1860,
        "y": 1763,
        "w": 68,
        "h": 56
      },
      "rotated": false,
      "trimmed": true,
      "spriteSourceSize": {
        "x": 16,
        "y": 22,
        "w": 68,
        "h": 56
      },
      "sourceSize": {
        "w": 100,
        "h": 100
      },
      "pivot": {
        "x": 0.5,
        "y": 0.5
      }
    },
    "Ninja/Black/1x/barsHorizontal.png": {
      "frame": {
        "x": 2004,
        "y": 1751,
        "w": 36,
        "h": 32
      },
      "rotated": false,
      "trimmed": true,
      "spriteSourceSize": {
        "x": 9,
        "y": 8,
        "w": 36,
        "h": 32
      },
      "sourceSize": {
        "w": 50,
        "h": 50
      },
      "pivot": {
        "x": 0.5,
        "y": 0.5
      }
    },
    "Ninja/White/1x/barsHorizontal.png": {
      "frame": {
        "x": 2004,
        "y": 1787,
        "w": 36,
        "h": 32
      },
      "rotated": false,
      "trimmed": true,
      "spriteSourceSize": {
        "x": 9,
        "y": 8,
        "w": 36,
        "h": 32
      },
      "sourceSize": {
        "w": 50,
        "h": 50
      },
      "pivot": {
        "x": 0.5,
        "y": 0.5
      }
    },
    "Ninja/White/2x/arrowRight.png": {
      "frame": {
        "x": 1932,
        "y": 1811,
        "w": 68,
        "h": 56
      },
      "rotated": false,
      "trimmed": true,
      "spriteSourceSize": {
        "x": 16,
        "y": 22,
        "w": 68,
        "h": 56
      },
      "sourceSize": {
        "w": 100,
        "h": 100
      },
      "pivot": {
        "x": 0.5,
        "y": 0.5
      }
    },
    "Ninja/White/2x/arrowUp.png": {
      "frame": {
        "x": 1860,
        "y": 1823,
        "w": 56,
        "h": 68
      },
      "rotated": true,
      "trimmed": true,
      "spriteSourceSize": {
        "x": 22,
        "y": 16,
        "w": 56,
        "h": 68
      },
      "sourceSize": {
        "w": 100,
        "h": 100
      },
      "pivot": {
        "x": 0.5,
        "y": 0.5
      }
    },
    "Ninja/Black/1x/video.png": {
      "frame": {
        "x": 2004,
        "y": 1823,
        "w": 32,
        "h": 35
      },
      "rotated": true,
      "trimmed": true,
      "spriteSourceSize": {
        "x": 8,
        "y": 7,
        "w": 32,
        "h": 35
      },
      "sourceSize": {
        "w": 50,
        "h": 50
      },
      "pivot": {
        "x": 0.5,
        "y": 0.5
      }
    },
    "Ninja/White/1x/video.png": {
      "frame": {
        "x": 2004,
        "y": 1859,
        "w": 32,
        "h": 35
      },
      "rotated": true,
      "trimmed": true,
      "spriteSourceSize": {
        "x": 8,
        "y": 7,
        "w": 32,
        "h": 35
      },
      "sourceSize": {
        "w": 50,
        "h": 50
      },
      "pivot": {
        "x": 0.5,
        "y": 0.5
      }
    },
    "Ninja/White/2x/leaderboardsComplex.png": {
      "frame": {
        "x": 1932,
        "y": 1871,
        "w": 68,
        "h": 56
      },
      "rotated": false,
      "trimmed": true,
      "spriteSourceSize": {
        "x": 18,
        "y": 26,
        "w": 68,
        "h": 56
      },
      "sourceSize": {
        "w": 100,
        "h": 100
      },
      "pivot": {
        "x": 0.5,
        "y": 0.5
      }
    },
    "Ninja/White/2x/medal1.png": {
      "frame": {
        "x": 1860,
        "y": 1883,
        "w": 48,
        "h": 68
      },
      "rotated": true,
      "trimmed": true,
      "spriteSourceSize": {
        "x": 28,
        "y": 20,
        "w": 48,
        "h": 68
      },
      "sourceSize": {
        "w": 100,
        "h": 100
      },
      "pivot": {
        "x": 0.5,
        "y": 0.5
      }
    },
    "Ninja/White/1x/multiplayer.png": {
      "frame": {
        "x": 2004,
        "y": 1895,
        "w": 35,
        "h": 24
      },
      "rotated": false,
      "trimmed": true,
      "spriteSourceSize": {
        "x": 8,
        "y": 14,
        "w": 35,
        "h": 24
      },
      "sourceSize": {
        "w": 50,
        "h": 50
      },
      "pivot": {
        "x": 0.5,
        "y": 0.5
      }
    },
    "Ninja/White/1x/trashcan.png": {
      "frame": {
        "x": 2004,
        "y": 1923,
        "w": 24,
        "h": 35
      },
      "rotated": true,
      "trimmed": true,
      "spriteSourceSize": {
        "x": 13,
        "y": 9,
        "w": 24,
        "h": 35
      },
      "sourceSize": {
        "w": 50,
        "h": 50
      },
      "pivot": {
        "x": 0.5,
        "y": 0.5
      }
    },
    "Ninja/White/2x/warning.png": {
      "frame": {
        "x": 1932,
        "y": 1931,
        "w": 66,
        "h": 62
      },
      "rotated": false,
      "trimmed": true,
      "spriteSourceSize": {
        "x": 18,
        "y": 22,
        "w": 66,
        "h": 62
      },
      "sourceSize": {
        "w": 100,
        "h": 100
      },
      "pivot": {
        "x": 0.5,
        "y": 0.5
      }
    },
    "Ninja/Black/2x/shoppingCart.png": {
      "frame": {
        "x": 1860,
        "y": 1935,
        "w": 66,
        "h": 60
      },
      "rotated": false,
      "trimmed": true,
      "spriteSourceSize": {
        "x": 18,
        "y": 26,
        "w": 66,
        "h": 60
      },
      "sourceSize": {
        "w": 100,
        "h": 100
      },
      "pivot": {
        "x": 0.5,
        "y": 0.5
      }
    },
    "Ninja/White/1x/power.png": {
      "frame": {
        "x": 2002,
        "y": 1951,
        "w": 34,
        "h": 34
      },
      "rotated": false,
      "trimmed": true,
      "spriteSourceSize": {
        "x": 9,
        "y": 10,
        "w": 34,
        "h": 34
      },
      "sourceSize": {
        "w": 50,
        "h": 50
      },
      "pivot": {
        "x": 0.5,
        "y": 0.5
      }
    },
    "Ninja/White/1x/medal1.png": {
      "frame": {
        "x": 2002,
        "y": 1989,
        "w": 24,
        "h": 34
      },
      "rotated": true,
      "trimmed": true,
      "spriteSourceSize": {
        "x": 14,
        "y": 10,
        "w": 24,
        "h": 34
      },
      "sourceSize": {
        "w": 50,
        "h": 50
      },
      "pivot": {
        "x": 0.5,
        "y": 0.5
      }
    },
    "Ninja/Black/1x/zoomDefault.png": {
      "frame": {
        "x": 1860,
        "y": 1999,
        "w": 32,
        "h": 33
      },
      "rotated": false,
      "trimmed": true,
      "spriteSourceSize": {
        "x": 10,
        "y": 10,
        "w": 32,
        "h": 33
      },
      "sourceSize": {
        "w": 50,
        "h": 50
      },
      "pivot": {
        "x": 0.5,
        "y": 0.5
      }
    },
    "Ninja/Black/1x/zoomIn.png": {
      "frame": {
        "x": 1896,
        "y": 1999,
        "w": 32,
        "h": 33
      },
      "rotated": false,
      "trimmed": true,
      "spriteSourceSize": {
        "x": 10,
        "y": 10,
        "w": 32,
        "h": 33
      },
      "sourceSize": {
        "w": 50,
        "h": 50
      },
      "pivot": {
        "x": 0.5,
        "y": 0.5
      }
    },
    "Ninja/Black/1x/zoomOut.png": {
      "frame": {
        "x": 1932,
        "y": 1997,
        "w": 32,
        "h": 33
      },
      "rotated": false,
      "trimmed": true,
      "spriteSourceSize": {
        "x": 10,
        "y": 10,
        "w": 32,
        "h": 33
      },
      "sourceSize": {
        "w": 50,
        "h": 50
      },
      "pivot": {
        "x": 0.5,
        "y": 0.5
      }
    },
    "Ninja/Dead/Dead__007.png": {
      "frame": {
        "x": 1098,
        "y": 493,
        "w": 440,
        "h": 257
      },
      "rotated": false,
      "trimmed": true,
      "spriteSourceSize": {
        "x": 9,
        "y": 223,
        "w": 440,
        "h": 257
      },
      "sourceSize": {
        "w": 482,
        "h": 498
      },
      "pivot": {
        "x": 0.5,
        "y": 0.5
      }
    },
    "Ninja/Dead/Dead__008.png": {
      "frame": {
        "x": 1098,
        "y": 493,
        "w": 440,
        "h": 257
      },
      "rotated": false,
      "trimmed": true,
      "spriteSourceSize": {
        "x": 9,
        "y": 223,
        "w": 440,
        "h": 257
      },
      "sourceSize": {
        "w": 482,
        "h": 498
      },
      "pivot": {
        "x": 0.5,
        "y": 0.5
      }
    },
    "Ninja/Dead/Dead__009.png": {
      "frame": {
        "x": 1098,
        "y": 493,
        "w": 440,
        "h": 257
      },
      "rotated": false,
      "trimmed": true,
      "spriteSourceSize": {
        "x": 9,
        "y": 223,
        "w": 440,
        "h": 257
      },
      "sourceSize": {
        "w": 482,
        "h": 498
      },
      "pivot": {
        "x": 0.5,
        "y": 0.5
      }
    }
  },
  "meta": {
    "app": "http://free-tex-packer.com",
    "version": "0.6.7",
    "image": "Ninja-3.png",
    "format": "RGBA8888",
    "size": {
      "w": 2044,
      "h": 2048
    },
    "scale": 1
  }
}