{
  "frames": {
    "ninjagirlnew/Climb/Climb_009.png": {
      "frame": {
        "x": 2,
        "y": 2,
        "w": 317,
        "h": 482
      },
      "rotated": false,
      "trimmed": true,
      "spriteSourceSize": {
        "x": 10,
        "y": 5,
        "w": 317,
        "h": 482
      },
      "sourceSize": {
        "w": 361,
        "h": 497
      },
      "pivot": {
        "x": 0.5,
        "y": 0.5
      }
    },
    "ninjagirlnew/Run/Run__004.png": {
      "frame": {
        "x": 2,
        "y": 488,
        "w": 363,
        "h": 481
      },
      "rotated": false,
      "trimmed": true,
      "spriteSourceSize": {
        "x": 5,
        "y": 20,
        "w": 363,
        "h": 481
      },
      "sourceSize": {
        "w": 376,
        "h": 520
      },
      "pivot": {
        "x": 0.5,
        "y": 0.5
      }
    },
    "ninjagirlnew/Run/Run__005.png": {
      "frame": {
        "x": 323,
        "y": 2,
        "w": 334,
        "h": 481
      },
      "rotated": false,
      "trimmed": true,
      "spriteSourceSize": {
        "x": 34,
        "y": 20,
        "w": 334,
        "h": 481
      },
      "sourceSize": {
        "w": 376,
        "h": 520
      },
      "pivot": {
        "x": 0.5,
        "y": 0.5
      }
    },
    "ninjagirlnew/Attack/Attack__009.png": {
      "frame": {
        "x": 2,
        "y": 973,
        "w": 367,
        "h": 480
      },
      "rotated": false,
      "trimmed": true,
      "spriteSourceSize": {
        "x": 46,
        "y": 42,
        "w": 367,
        "h": 480
      },
      "sourceSize": {
        "w": 524,
        "h": 565
      },
      "pivot": {
        "x": 0.5,
        "y": 0.5
      }
    },
    "ninjagirlnew/Dead/Dead__006.png": {
      "frame": {
        "x": 369,
        "y": 487,
        "w": 479,
        "h": 319
      },
      "rotated": true,
      "trimmed": true,
      "spriteSourceSize": {
        "x": 34,
        "y": 255,
        "w": 479,
        "h": 319
      },
      "sourceSize": {
        "w": 578,
        "h": 599
      },
      "pivot": {
        "x": 0.5,
        "y": 0.5
      }
    },
    "ninjagirlnew/Climb/Climb_007.png": {
      "frame": {
        "x": 661,
        "y": 2,
        "w": 318,
        "h": 479
      },
      "rotated": false,
      "trimmed": true,
      "spriteSourceSize": {
        "x": 23,
        "y": 5,
        "w": 318,
        "h": 479
      },
      "sourceSize": {
        "w": 361,
        "h": 497
      },
      "pivot": {
        "x": 0.5,
        "y": 0.5
      }
    },
    "ninjagirlnew/Climb/Climb_003.png": {
      "frame": {
        "x": 2,
        "y": 1457,
        "w": 317,
        "h": 478
      },
      "rotated": false,
      "trimmed": true,
      "spriteSourceSize": {
        "x": 23,
        "y": 5,
        "w": 317,
        "h": 478
      },
      "sourceSize": {
        "w": 361,
        "h": 497
      },
      "pivot": {
        "x": 0.5,
        "y": 0.5
      }
    },
    "Ninja/White/2x/shoppingCart.png": {
      "frame": {
        "x": 2,
        "y": 1939,
        "w": 66,
        "h": 60
      },
      "rotated": true,
      "trimmed": true,
      "spriteSourceSize": {
        "x": 18,
        "y": 26,
        "w": 66,
        "h": 60
      },
      "sourceSize": {
        "w": 100,
        "h": 100
      },
      "pivot": {
        "x": 0.5,
        "y": 0.5
      }
    },
    "Ninja/White/1x/contrast.png": {
      "frame": {
        "x": 2,
        "y": 2009,
        "w": 32,
        "h": 33
      },
      "rotated": false,
      "trimmed": true,
      "spriteSourceSize": {
        "x": 8,
        "y": 9,
        "w": 32,
        "h": 33
      },
      "sourceSize": {
        "w": 50,
        "h": 50
      },
      "pivot": {
        "x": 0.5,
        "y": 0.5
      }
    },
    "Ninja/White/1x/zoom.png": {
      "frame": {
        "x": 38,
        "y": 2009,
        "w": 32,
        "h": 33
      },
      "rotated": false,
      "trimmed": true,
      "spriteSourceSize": {
        "x": 10,
        "y": 10,
        "w": 32,
        "h": 33
      },
      "sourceSize": {
        "w": 50,
        "h": 50
      },
      "pivot": {
        "x": 0.5,
        "y": 0.5
      }
    },
    "Ninja/Black/2x/audioOn.png": {
      "frame": {
        "x": 66,
        "y": 1939,
        "w": 64,
        "h": 65
      },
      "rotated": false,
      "trimmed": true,
      "spriteSourceSize": {
        "x": 18,
        "y": 20,
        "w": 64,
        "h": 65
      },
      "sourceSize": {
        "w": 100,
        "h": 100
      },
      "pivot": {
        "x": 0.5,
        "y": 0.5
      }
    },
    "Ninja/White/1x/zoomDefault.png": {
      "frame": {
        "x": 74,
        "y": 2008,
        "w": 32,
        "h": 33
      },
      "rotated": false,
      "trimmed": true,
      "spriteSourceSize": {
        "x": 10,
        "y": 10,
        "w": 32,
        "h": 33
      },
      "sourceSize": {
        "w": 50,
        "h": 50
      },
      "pivot": {
        "x": 0.5,
        "y": 0.5
      }
    },
    "Ninja/White/1x/zoomIn.png": {
      "frame": {
        "x": 110,
        "y": 2008,
        "w": 32,
        "h": 33
      },
      "rotated": false,
      "trimmed": true,
      "spriteSourceSize": {
        "x": 10,
        "y": 10,
        "w": 32,
        "h": 33
      },
      "sourceSize": {
        "w": 50,
        "h": 50
      },
      "pivot": {
        "x": 0.5,
        "y": 0.5
      }
    },
    "Ninja/Black/2x/contrast.png": {
      "frame": {
        "x": 134,
        "y": 1939,
        "w": 64,
        "h": 65
      },
      "rotated": false,
      "trimmed": true,
      "spriteSourceSize": {
        "x": 16,
        "y": 19,
        "w": 64,
        "h": 65
      },
      "sourceSize": {
        "w": 100,
        "h": 100
      },
      "pivot": {
        "x": 0.5,
        "y": 0.5
      }
    },
    "Ninja/White/1x/zoomOut.png": {
      "frame": {
        "x": 146,
        "y": 2008,
        "w": 32,
        "h": 33
      },
      "rotated": false,
      "trimmed": true,
      "spriteSourceSize": {
        "x": 10,
        "y": 10,
        "w": 32,
        "h": 33
      },
      "sourceSize": {
        "w": 50,
        "h": 50
      },
      "pivot": {
        "x": 0.5,
        "y": 0.5
      }
    },
    "Ninja/Black/1x/audioOn.png": {
      "frame": {
        "x": 182,
        "y": 2008,
        "w": 32,
        "h": 32
      },
      "rotated": false,
      "trimmed": true,
      "spriteSourceSize": {
        "x": 9,
        "y": 10,
        "w": 32,
        "h": 32
      },
      "sourceSize": {
        "w": 50,
        "h": 50
      },
      "pivot": {
        "x": 0.5,
        "y": 0.5
      }
    },
    "Ninja/Black/2x/larger.png": {
      "frame": {
        "x": 202,
        "y": 1939,
        "w": 64,
        "h": 65
      },
      "rotated": false,
      "trimmed": true,
      "spriteSourceSize": {
        "x": 20,
        "y": 20,
        "w": 64,
        "h": 65
      },
      "sourceSize": {
        "w": 100,
        "h": 100
      },
      "pivot": {
        "x": 0.5,
        "y": 0.5
      }
    },
    "Ninja/Black/2x/smaller.png": {
      "frame": {
        "x": 270,
        "y": 1939,
        "w": 64,
        "h": 65
      },
      "rotated": false,
      "trimmed": true,
      "spriteSourceSize": {
        "x": 20,
        "y": 20,
        "w": 64,
        "h": 65
      },
      "sourceSize": {
        "w": 100,
        "h": 100
      },
      "pivot": {
        "x": 0.5,
        "y": 0.5
      }
    },
    "ninjagirlnew/Run/Run__003.png": {
      "frame": {
        "x": 323,
        "y": 1457,
        "w": 360,
        "h": 476
      },
      "rotated": false,
      "trimmed": true,
      "spriteSourceSize": {
        "x": 0,
        "y": 13,
        "w": 360,
        "h": 476
      },
      "sourceSize": {
        "w": 376,
        "h": 520
      },
      "pivot": {
        "x": 0.5,
        "y": 0.5
      }
    },
    "Ninja/Black/1x/barsVertical.png": {
      "frame": {
        "x": 218,
        "y": 2008,
        "w": 32,
        "h": 32
      },
      "rotated": false,
      "trimmed": true,
      "spriteSourceSize": {
        "x": 9,
        "y": 8,
        "w": 32,
        "h": 32
      },
      "sourceSize": {
        "w": 50,
        "h": 50
      },
      "pivot": {
        "x": 0.5,
        "y": 0.5
      }
    },
    "Ninja/Black/1x/button1.png": {
      "frame": {
        "x": 254,
        "y": 2008,
        "w": 32,
        "h": 32
      },
      "rotated": false,
      "trimmed": true,
      "spriteSourceSize": {
        "x": 10,
        "y": 9,
        "w": 32,
        "h": 32
      },
      "sourceSize": {
        "w": 50,
        "h": 50
      },
      "pivot": {
        "x": 0.5,
        "y": 0.5
      }
    },
    "Ninja/Black/1x/button2.png": {
      "frame": {
        "x": 290,
        "y": 2008,
        "w": 32,
        "h": 32
      },
      "rotated": false,
      "trimmed": true,
      "spriteSourceSize": {
        "x": 10,
        "y": 9,
        "w": 32,
        "h": 32
      },
      "sourceSize": {
        "w": 50,
        "h": 50
      },
      "pivot": {
        "x": 0.5,
        "y": 0.5
      }
    },
    "Ninja/Black/1x/button3.png": {
      "frame": {
        "x": 326,
        "y": 2008,
        "w": 32,
        "h": 32
      },
      "rotated": false,
      "trimmed": true,
      "spriteSourceSize": {
        "x": 10,
        "y": 9,
        "w": 32,
        "h": 32
      },
      "sourceSize": {
        "w": 50,
        "h": 50
      },
      "pivot": {
        "x": 0.5,
        "y": 0.5
      }
    },
    "Ninja/Black/2x/target.png": {
      "frame": {
        "x": 338,
        "y": 1937,
        "w": 64,
        "h": 65
      },
      "rotated": false,
      "trimmed": true,
      "spriteSourceSize": {
        "x": 20,
        "y": 19,
        "w": 64,
        "h": 65
      },
      "sourceSize": {
        "w": 100,
        "h": 100
      },
      "pivot": {
        "x": 0.5,
        "y": 0.5
      }
    },
    "ninjagirlnew/Run/Run__009.png": {
      "frame": {
        "x": 373,
        "y": 970,
        "w": 341,
        "h": 476
      },
      "rotated": false,
      "trimmed": true,
      "spriteSourceSize": {
        "x": 27,
        "y": 20,
        "w": 341,
        "h": 476
      },
      "sourceSize": {
        "w": 376,
        "h": 520
      },
      "pivot": {
        "x": 0.5,
        "y": 0.5
      }
    },
    "ninjagirlnew/Jump/Jump__002.png": {
      "frame": {
        "x": 692,
        "y": 485,
        "w": 289,
        "h": 476
      },
      "rotated": false,
      "trimmed": true,
      "spriteSourceSize": {
        "x": 30,
        "y": 38,
        "w": 289,
        "h": 476
      },
      "sourceSize": {
        "w": 399,
        "h": 543
      },
      "pivot": {
        "x": 0.5,
        "y": 0.5
      }
    },
    "ninjagirlnew/Jump/Jump__003.png": {
      "frame": {
        "x": 983,
        "y": 2,
        "w": 288,
        "h": 475
      },
      "rotated": false,
      "trimmed": true,
      "spriteSourceSize": {
        "x": 30,
        "y": 38,
        "w": 288,
        "h": 475
      },
      "sourceSize": {
        "w": 399,
        "h": 543
      },
      "pivot": {
        "x": 0.5,
        "y": 0.5
      }
    },
    "Ninja/Black/1x/buttonA.png": {
      "frame": {
        "x": 362,
        "y": 2006,
        "w": 32,
        "h": 32
      },
      "rotated": false,
      "trimmed": true,
      "spriteSourceSize": {
        "x": 10,
        "y": 9,
        "w": 32,
        "h": 32
      },
      "sourceSize": {
        "w": 50,
        "h": 50
      },
      "pivot": {
        "x": 0.5,
        "y": 0.5
      }
    },
    "Ninja/Black/1x/buttonB.png": {
      "frame": {
        "x": 398,
        "y": 2006,
        "w": 32,
        "h": 32
      },
      "rotated": false,
      "trimmed": true,
      "spriteSourceSize": {
        "x": 10,
        "y": 9,
        "w": 32,
        "h": 32
      },
      "sourceSize": {
        "w": 50,
        "h": 50
      },
      "pivot": {
        "x": 0.5,
        "y": 0.5
      }
    },
    "Ninja/Black/2x/zoom.png": {
      "frame": {
        "x": 406,
        "y": 1937,
        "w": 64,
        "h": 65
      },
      "rotated": false,
      "trimmed": true,
      "spriteSourceSize": {
        "x": 20,
        "y": 20,
        "w": 64,
        "h": 65
      },
      "sourceSize": {
        "w": 100,
        "h": 100
      },
      "pivot": {
        "x": 0.5,
        "y": 0.5
      }
    },
    "Ninja/Black/1x/buttonX.png": {
      "frame": {
        "x": 434,
        "y": 2006,
        "w": 32,
        "h": 32
      },
      "rotated": false,
      "trimmed": true,
      "spriteSourceSize": {
        "x": 10,
        "y": 9,
        "w": 32,
        "h": 32
      },
      "sourceSize": {
        "w": 50,
        "h": 50
      },
      "pivot": {
        "x": 0.5,
        "y": 0.5
      }
    },
    "Ninja/Black/1x/buttonY.png": {
      "frame": {
        "x": 470,
        "y": 2006,
        "w": 32,
        "h": 32
      },
      "rotated": false,
      "trimmed": true,
      "spriteSourceSize": {
        "x": 10,
        "y": 9,
        "w": 32,
        "h": 32
      },
      "sourceSize": {
        "w": 50,
        "h": 50
      },
      "pivot": {
        "x": 0.5,
        "y": 0.5
      }
    },
    "Ninja/Black/2x/zoomDefault.png": {
      "frame": {
        "x": 474,
        "y": 1937,
        "w": 64,
        "h": 65
      },
      "rotated": false,
      "trimmed": true,
      "spriteSourceSize": {
        "x": 20,
        "y": 20,
        "w": 64,
        "h": 65
      },
      "sourceSize": {
        "w": 100,
        "h": 100
      },
      "pivot": {
        "x": 0.5,
        "y": 0.5
      }
    },
    "Ninja/Black/1x/cross.png": {
      "frame": {
        "x": 506,
        "y": 2006,
        "w": 32,
        "h": 32
      },
      "rotated": false,
      "trimmed": true,
      "spriteSourceSize": {
        "x": 9,
        "y": 10,
        "w": 32,
        "h": 32
      },
      "sourceSize": {
        "w": 50,
        "h": 50
      },
      "pivot": {
        "x": 0.5,
        "y": 0.5
      }
    },
    "Ninja/Black/2x/zoomIn.png": {
      "frame": {
        "x": 542,
        "y": 1937,
        "w": 64,
        "h": 65
      },
      "rotated": false,
      "trimmed": true,
      "spriteSourceSize": {
        "x": 20,
        "y": 20,
        "w": 64,
        "h": 65
      },
      "sourceSize": {
        "w": 100,
        "h": 100
      },
      "pivot": {
        "x": 0.5,
        "y": 0.5
      }
    },
    "Ninja/Black/1x/export.png": {
      "frame": {
        "x": 542,
        "y": 2006,
        "w": 32,
        "h": 32
      },
      "rotated": false,
      "trimmed": true,
      "spriteSourceSize": {
        "x": 9,
        "y": 10,
        "w": 32,
        "h": 32
      },
      "sourceSize": {
        "w": 50,
        "h": 50
      },
      "pivot": {
        "x": 0.5,
        "y": 0.5
      }
    },
    "Ninja/Black/1x/film.png": {
      "frame": {
        "x": 578,
        "y": 2006,
        "w": 32,
        "h": 32
      },
      "rotated": false,
      "trimmed": true,
      "spriteSourceSize": {
        "x": 9,
        "y": 10,
        "w": 32,
        "h": 32
      },
      "sourceSize": {
        "w": 50,
        "h": 50
      },
      "pivot": {
        "x": 0.5,
        "y": 0.5
      }
    },
    "Ninja/Black/2x/zoomOut.png": {
      "frame": {
        "x": 610,
        "y": 1937,
        "w": 64,
        "h": 65
      },
      "rotated": false,
      "trimmed": true,
      "spriteSourceSize": {
        "x": 20,
        "y": 20,
        "w": 64,
        "h": 65
      },
      "sourceSize": {
        "w": 100,
        "h": 100
      },
      "pivot": {
        "x": 0.5,
        "y": 0.5
      }
    },
    "Ninja/Black/1x/gear.png": {
      "frame": {
        "x": 614,
        "y": 2006,
        "w": 32,
        "h": 32
      },
      "rotated": false,
      "trimmed": true,
      "spriteSourceSize": {
        "x": 10,
        "y": 10,
        "w": 32,
        "h": 32
      },
      "sourceSize": {
        "w": 50,
        "h": 50
      },
      "pivot": {
        "x": 0.5,
        "y": 0.5
      }
    },
    "Ninja/Black/1x/home.png": {
      "frame": {
        "x": 650,
        "y": 2006,
        "w": 32,
        "h": 32
      },
      "rotated": false,
      "trimmed": true,
      "spriteSourceSize": {
        "x": 10,
        "y": 9,
        "w": 32,
        "h": 32
      },
      "sourceSize": {
        "w": 50,
        "h": 50
      },
      "pivot": {
        "x": 0.5,
        "y": 0.5
      }
    },
    "Ninja/White/2x/audioOn.png": {
      "frame": {
        "x": 678,
        "y": 1937,
        "w": 64,
        "h": 65
      },
      "rotated": false,
      "trimmed": true,
      "spriteSourceSize": {
        "x": 18,
        "y": 20,
        "w": 64,
        "h": 65
      },
      "sourceSize": {
        "w": 100,
        "h": 100
      },
      "pivot": {
        "x": 0.5,
        "y": 0.5
      }
    },
    "Ninja/Black/1x/import.png": {
      "frame": {
        "x": 686,
        "y": 2006,
        "w": 32,
        "h": 32
      },
      "rotated": false,
      "trimmed": true,
      "spriteSourceSize": {
        "x": 9,
        "y": 10,
        "w": 32,
        "h": 32
      },
      "sourceSize": {
        "w": 50,
        "h": 50
      },
      "pivot": {
        "x": 0.5,
        "y": 0.5
      }
    },
    "Ninja/Black/1x/joystick.png": {
      "frame": {
        "x": 722,
        "y": 2006,
        "w": 32,
        "h": 32
      },
      "rotated": false,
      "trimmed": true,
      "spriteSourceSize": {
        "x": 9,
        "y": 10,
        "w": 32,
        "h": 32
      },
      "sourceSize": {
        "w": 50,
        "h": 50
      },
      "pivot": {
        "x": 0.5,
        "y": 0.5
      }
    },
    "ninjagirlnew/Attack/Attack__008.png": {
      "frame": {
        "x": 687,
        "y": 1450,
        "w": 394,
        "h": 474
      },
      "rotated": false,
      "trimmed": true,
      "spriteSourceSize": {
        "x": 26,
        "y": 48,
        "w": 394,
        "h": 474
      },
      "sourceSize": {
        "w": 524,
        "h": 565
      },
      "pivot": {
        "x": 0.5,
        "y": 0.5
      }
    },
    "ninjagirlnew/Jump/Jump__000.png": {
      "frame": {
        "x": 758,
        "y": 965,
        "w": 304,
        "h": 473
      },
      "rotated": false,
      "trimmed": true,
      "spriteSourceSize": {
        "x": 64,
        "y": 49,
        "w": 304,
        "h": 473
      },
      "sourceSize": {
        "w": 399,
        "h": 543
      },
      "pivot": {
        "x": 0.5,
        "y": 0.5
      }
    },
    "Ninja/Black/1x/larger.png": {
      "frame": {
        "x": 718,
        "y": 965,
        "w": 32,
        "h": 32
      },
      "rotated": false,
      "trimmed": true,
      "spriteSourceSize": {
        "x": 10,
        "y": 10,
        "w": 32,
        "h": 32
      },
      "sourceSize": {
        "w": 50,
        "h": 50
      },
      "pivot": {
        "x": 0.5,
        "y": 0.5
      }
    },
    "Ninja/Black/1x/locked.png": {
      "frame": {
        "x": 718,
        "y": 1001,
        "w": 32,
        "h": 32
      },
      "rotated": false,
      "trimmed": true,
      "spriteSourceSize": {
        "x": 10,
        "y": 10,
        "w": 32,
        "h": 32
      },
      "sourceSize": {
        "w": 50,
        "h": 50
      },
      "pivot": {
        "x": 0.5,
        "y": 0.5
      }
    },
    "Ninja/Black/1x/menuGrid.png": {
      "frame": {
        "x": 718,
        "y": 1037,
        "w": 32,
        "h": 32
      },
      "rotated": false,
      "trimmed": true,
      "spriteSourceSize": {
        "x": 9,
        "y": 8,
        "w": 32,
        "h": 32
      },
      "sourceSize": {
        "w": 50,
        "h": 50
      },
      "pivot": {
        "x": 0.5,
        "y": 0.5
      }
    },
    "Ninja/Black/1x/menuList.png": {
      "frame": {
        "x": 718,
        "y": 1073,
        "w": 32,
        "h": 32
      },
      "rotated": false,
      "trimmed": true,
      "spriteSourceSize": {
        "x": 9,
        "y": 8,
        "w": 32,
        "h": 32
      },
      "sourceSize": {
        "w": 50,
        "h": 50
      },
      "pivot": {
        "x": 0.5,
        "y": 0.5
      }
    },
    "Ninja/Black/1x/open.png": {
      "frame": {
        "x": 718,
        "y": 1109,
        "w": 32,
        "h": 32
      },
      "rotated": false,
      "trimmed": true,
      "spriteSourceSize": {
        "x": 10,
        "y": 10,
        "w": 32,
        "h": 32
      },
      "sourceSize": {
        "w": 50,
        "h": 50
      },
      "pivot": {
        "x": 0.5,
        "y": 0.5
      }
    },
    "Ninja/Black/1x/plus.png": {
      "frame": {
        "x": 718,
        "y": 1145,
        "w": 32,
        "h": 32
      },
      "rotated": false,
      "trimmed": true,
      "spriteSourceSize": {
        "x": 10,
        "y": 10,
        "w": 32,
        "h": 32
      },
      "sourceSize": {
        "w": 50,
        "h": 50
      },
      "pivot": {
        "x": 0.5,
        "y": 0.5
      }
    },
    "Ninja/Black/1x/save.png": {
      "frame": {
        "x": 718,
        "y": 1181,
        "w": 32,
        "h": 32
      },
      "rotated": false,
      "trimmed": true,
      "spriteSourceSize": {
        "x": 9,
        "y": 10,
        "w": 32,
        "h": 32
      },
      "sourceSize": {
        "w": 50,
        "h": 50
      },
      "pivot": {
        "x": 0.5,
        "y": 0.5
      }
    },
    "Ninja/Black/1x/signal3.png": {
      "frame": {
        "x": 718,
        "y": 1217,
        "w": 32,
        "h": 32
      },
      "rotated": false,
      "trimmed": true,
      "spriteSourceSize": {
        "x": 9,
        "y": 10,
        "w": 32,
        "h": 32
      },
      "sourceSize": {
        "w": 50,
        "h": 50
      },
      "pivot": {
        "x": 0.5,
        "y": 0.5
      }
    },
    "Ninja/Black/1x/smaller.png": {
      "frame": {
        "x": 718,
        "y": 1253,
        "w": 32,
        "h": 32
      },
      "rotated": false,
      "trimmed": true,
      "spriteSourceSize": {
        "x": 10,
        "y": 10,
        "w": 32,
        "h": 32
      },
      "sourceSize": {
        "w": 50,
        "h": 50
      },
      "pivot": {
        "x": 0.5,
        "y": 0.5
      }
    },
    "Ninja/Black/1x/target.png": {
      "frame": {
        "x": 718,
        "y": 1289,
        "w": 32,
        "h": 32
      },
      "rotated": false,
      "trimmed": true,
      "spriteSourceSize": {
        "x": 10,
        "y": 10,
        "w": 32,
        "h": 32
      },
      "sourceSize": {
        "w": 50,
        "h": 50
      },
      "pivot": {
        "x": 0.5,
        "y": 0.5
      }
    },
    "Ninja/Black/1x/wrench.png": {
      "frame": {
        "x": 718,
        "y": 1325,
        "w": 32,
        "h": 32
      },
      "rotated": false,
      "trimmed": true,
      "spriteSourceSize": {
        "x": 10,
        "y": 10,
        "w": 32,
        "h": 32
      },
      "sourceSize": {
        "w": 50,
        "h": 50
      },
      "pivot": {
        "x": 0.5,
        "y": 0.5
      }
    },
    "Ninja/White/1x/audioOn.png": {
      "frame": {
        "x": 718,
        "y": 1361,
        "w": 32,
        "h": 32
      },
      "rotated": false,
      "trimmed": true,
      "spriteSourceSize": {
        "x": 9,
        "y": 10,
        "w": 32,
        "h": 32
      },
      "sourceSize": {
        "w": 50,
        "h": 50
      },
      "pivot": {
        "x": 0.5,
        "y": 0.5
      }
    },
    "Ninja/White/1x/barsVertical.png": {
      "frame": {
        "x": 718,
        "y": 1397,
        "w": 32,
        "h": 32
      },
      "rotated": false,
      "trimmed": true,
      "spriteSourceSize": {
        "x": 9,
        "y": 8,
        "w": 32,
        "h": 32
      },
      "sourceSize": {
        "w": 50,
        "h": 50
      },
      "pivot": {
        "x": 0.5,
        "y": 0.5
      }
    },
    "Ninja/White/2x/contrast.png": {
      "frame": {
        "x": 746,
        "y": 1928,
        "w": 64,
        "h": 65
      },
      "rotated": false,
      "trimmed": true,
      "spriteSourceSize": {
        "x": 16,
        "y": 19,
        "w": 64,
        "h": 65
      },
      "sourceSize": {
        "w": 100,
        "h": 100
      },
      "pivot": {
        "x": 0.5,
        "y": 0.5
      }
    },
    "ninjagirlnew/Jump/Jump__006.png": {
      "frame": {
        "x": 985,
        "y": 481,
        "w": 309,
        "h": 468
      },
      "rotated": false,
      "trimmed": true,
      "spriteSourceSize": {
        "x": 9,
        "y": 38,
        "w": 309,
        "h": 468
      },
      "sourceSize": {
        "w": 399,
        "h": 543
      },
      "pivot": {
        "x": 0.5,
        "y": 0.5
      }
    },
    "Platform/Objects/DoorLocked.png": {
      "frame": {
        "x": 1275,
        "y": 2,
        "w": 280,
        "h": 464
      },
      "rotated": false,
      "trimmed": false,
      "spriteSourceSize": {
        "x": 0,
        "y": 0,
        "w": 280,
        "h": 464
      },
      "sourceSize": {
        "w": 280,
        "h": 464
      },
      "pivot": {
        "x": 0.5,
        "y": 0.5
      }
    },
    "Ninja/White/1x/button1.png": {
      "frame": {
        "x": 758,
        "y": 1997,
        "w": 32,
        "h": 32
      },
      "rotated": false,
      "trimmed": true,
      "spriteSourceSize": {
        "x": 10,
        "y": 9,
        "w": 32,
        "h": 32
      },
      "sourceSize": {
        "w": 50,
        "h": 50
      },
      "pivot": {
        "x": 0.5,
        "y": 0.5
      }
    },
    "Ninja/White/1x/button2.png": {
      "frame": {
        "x": 794,
        "y": 1997,
        "w": 32,
        "h": 32
      },
      "rotated": false,
      "trimmed": true,
      "spriteSourceSize": {
        "x": 10,
        "y": 9,
        "w": 32,
        "h": 32
      },
      "sourceSize": {
        "w": 50,
        "h": 50
      },
      "pivot": {
        "x": 0.5,
        "y": 0.5
      }
    },
    "Ninja/White/2x/larger.png": {
      "frame": {
        "x": 814,
        "y": 1928,
        "w": 64,
        "h": 65
      },
      "rotated": false,
      "trimmed": true,
      "spriteSourceSize": {
        "x": 20,
        "y": 20,
        "w": 64,
        "h": 65
      },
      "sourceSize": {
        "w": 100,
        "h": 100
      },
      "pivot": {
        "x": 0.5,
        "y": 0.5
      }
    },
    "Ninja/White/1x/button3.png": {
      "frame": {
        "x": 830,
        "y": 1997,
        "w": 32,
        "h": 32
      },
      "rotated": false,
      "trimmed": true,
      "spriteSourceSize": {
        "x": 10,
        "y": 9,
        "w": 32,
        "h": 32
      },
      "sourceSize": {
        "w": 50,
        "h": 50
      },
      "pivot": {
        "x": 0.5,
        "y": 0.5
      }
    },
    "Ninja/White/1x/buttonA.png": {
      "frame": {
        "x": 866,
        "y": 1997,
        "w": 32,
        "h": 32
      },
      "rotated": false,
      "trimmed": true,
      "spriteSourceSize": {
        "x": 10,
        "y": 9,
        "w": 32,
        "h": 32
      },
      "sourceSize": {
        "w": 50,
        "h": 50
      },
      "pivot": {
        "x": 0.5,
        "y": 0.5
      }
    },
    "Ninja/White/2x/smaller.png": {
      "frame": {
        "x": 882,
        "y": 1928,
        "w": 64,
        "h": 65
      },
      "rotated": false,
      "trimmed": true,
      "spriteSourceSize": {
        "x": 20,
        "y": 20,
        "w": 64,
        "h": 65
      },
      "sourceSize": {
        "w": 100,
        "h": 100
      },
      "pivot": {
        "x": 0.5,
        "y": 0.5
      }
    },
    "Ninja/White/1x/buttonB.png": {
      "frame": {
        "x": 902,
        "y": 1997,
        "w": 32,
        "h": 32
      },
      "rotated": false,
      "trimmed": true,
      "spriteSourceSize": {
        "x": 10,
        "y": 9,
        "w": 32,
        "h": 32
      },
      "sourceSize": {
        "w": 50,
        "h": 50
      },
      "pivot": {
        "x": 0.5,
        "y": 0.5
      }
    },
    "Ninja/White/1x/buttonX.png": {
      "frame": {
        "x": 938,
        "y": 1997,
        "w": 32,
        "h": 32
      },
      "rotated": false,
      "trimmed": true,
      "spriteSourceSize": {
        "x": 10,
        "y": 9,
        "w": 32,
        "h": 32
      },
      "sourceSize": {
        "w": 50,
        "h": 50
      },
      "pivot": {
        "x": 0.5,
        "y": 0.5
      }
    },
    "Ninja/White/2x/target.png": {
      "frame": {
        "x": 950,
        "y": 1928,
        "w": 64,
        "h": 65
      },
      "rotated": false,
      "trimmed": true,
      "spriteSourceSize": {
        "x": 20,
        "y": 19,
        "w": 64,
        "h": 65
      },
      "sourceSize": {
        "w": 100,
        "h": 100
      },
      "pivot": {
        "x": 0.5,
        "y": 0.5
      }
    },
    "Ninja/White/1x/buttonY.png": {
      "frame": {
        "x": 974,
        "y": 1997,
        "w": 32,
        "h": 32
      },
      "rotated": false,
      "trimmed": true,
      "spriteSourceSize": {
        "x": 10,
        "y": 9,
        "w": 32,
        "h": 32
      },
      "sourceSize": {
        "w": 50,
        "h": 50
      },
      "pivot": {
        "x": 0.5,
        "y": 0.5
      }
    },
    "Ninja/White/1x/cross.png": {
      "frame": {
        "x": 1010,
        "y": 1997,
        "w": 32,
        "h": 32
      },
      "rotated": false,
      "trimmed": true,
      "spriteSourceSize": {
        "x": 9,
        "y": 10,
        "w": 32,
        "h": 32
      },
      "sourceSize": {
        "w": 50,
        "h": 50
      },
      "pivot": {
        "x": 0.5,
        "y": 0.5
      }
    },
    "Ninja/White/2x/zoom.png": {
      "frame": {
        "x": 1018,
        "y": 1928,
        "w": 64,
        "h": 65
      },
      "rotated": false,
      "trimmed": true,
      "spriteSourceSize": {
        "x": 20,
        "y": 20,
        "w": 64,
        "h": 65
      },
      "sourceSize": {
        "w": 100,
        "h": 100
      },
      "pivot": {
        "x": 0.5,
        "y": 0.5
      }
    },
    "Ninja/White/1x/export.png": {
      "frame": {
        "x": 1046,
        "y": 1997,
        "w": 32,
        "h": 32
      },
      "rotated": false,
      "trimmed": true,
      "spriteSourceSize": {
        "x": 9,
        "y": 10,
        "w": 32,
        "h": 32
      },
      "sourceSize": {
        "w": 50,
        "h": 50
      },
      "pivot": {
        "x": 0.5,
        "y": 0.5
      }
    },
    "Ninja/White/1x/film.png": {
      "frame": {
        "x": 1082,
        "y": 1997,
        "w": 32,
        "h": 32
      },
      "rotated": false,
      "trimmed": true,
      "spriteSourceSize": {
        "x": 9,
        "y": 10,
        "w": 32,
        "h": 32
      },
      "sourceSize": {
        "w": 50,
        "h": 50
      },
      "pivot": {
        "x": 0.5,
        "y": 0.5
      }
    },
    "Platform/Objects/DoorOpen.png": {
      "frame": {
        "x": 1559,
        "y": 2,
        "w": 280,
        "h": 464
      },
      "rotated": true,
      "trimmed": false,
      "spriteSourceSize": {
        "x": 0,
        "y": 0,
        "w": 280,
        "h": 464
      },
      "sourceSize": {
        "w": 280,
        "h": 464
      },
      "pivot": {
        "x": 0.5,
        "y": 0.5
      }
    },
    "Ninja/Jump_Attack/Jump_Attack__008.png": {
      "frame": {
        "x": 1559,
        "y": 286,
        "w": 338,
        "h": 462
      },
      "rotated": true,
      "trimmed": true,
      "spriteSourceSize": {
        "x": 13,
        "y": 25,
        "w": 338,
        "h": 462
      },
      "sourceSize": {
        "w": 504,
        "h": 522
      },
      "pivot": {
        "x": 0.5,
        "y": 0.5
      }
    },
    "Ninja/Throw/Throw__000.png": {
      "frame": {
        "x": 1298,
        "y": 470,
        "w": 257,
        "h": 425
      },
      "rotated": false,
      "trimmed": true,
      "spriteSourceSize": {
        "x": 97,
        "y": 22,
        "w": 257,
        "h": 425
      },
      "sourceSize": {
        "w": 377,
        "h": 451
      },
      "pivot": {
        "x": 0.5,
        "y": 0.5
      }
    },
    "ninjagirlnew/Dead/Dead__001.png": {
      "frame": {
        "x": 1559,
        "y": 628,
        "w": 322,
        "h": 462
      },
      "rotated": true,
      "trimmed": true,
      "spriteSourceSize": {
        "x": 36,
        "y": 75,
        "w": 322,
        "h": 462
      },
      "sourceSize": {
        "w": 578,
        "h": 599
      },
      "pivot": {
        "x": 0.5,
        "y": 0.5
      }
    },
    "Ninja/Jump/Jump__000.png": {
      "frame": {
        "x": 1118,
        "y": 953,
        "w": 282,
        "h": 437
      },
      "rotated": true,
      "trimmed": true,
      "spriteSourceSize": {
        "x": 63,
        "y": 31,
        "w": 282,
        "h": 437
      },
      "sourceSize": {
        "w": 362,
        "h": 483
      },
      "pivot": {
        "x": 0.5,
        "y": 0.5
      }
    },
    "Ninja/White/1x/gear.png": {
      "frame": {
        "x": 1066,
        "y": 953,
        "w": 32,
        "h": 32
      },
      "rotated": false,
      "trimmed": true,
      "spriteSourceSize": {
        "x": 10,
        "y": 10,
        "w": 32,
        "h": 32
      },
      "sourceSize": {
        "w": 50,
        "h": 50
      },
      "pivot": {
        "x": 0.5,
        "y": 0.5
      }
    },
    "Ninja/White/1x/home.png": {
      "frame": {
        "x": 1066,
        "y": 989,
        "w": 32,
        "h": 32
      },
      "rotated": false,
      "trimmed": true,
      "spriteSourceSize": {
        "x": 10,
        "y": 9,
        "w": 32,
        "h": 32
      },
      "sourceSize": {
        "w": 50,
        "h": 50
      },
      "pivot": {
        "x": 0.5,
        "y": 0.5
      }
    },
    "Ninja/White/1x/import.png": {
      "frame": {
        "x": 1066,
        "y": 1025,
        "w": 32,
        "h": 32
      },
      "rotated": false,
      "trimmed": true,
      "spriteSourceSize": {
        "x": 9,
        "y": 10,
        "w": 32,
        "h": 32
      },
      "sourceSize": {
        "w": 50,
        "h": 50
      },
      "pivot": {
        "x": 0.5,
        "y": 0.5
      }
    },
    "Ninja/White/1x/joystick.png": {
      "frame": {
        "x": 1066,
        "y": 1061,
        "w": 32,
        "h": 32
      },
      "rotated": false,
      "trimmed": true,
      "spriteSourceSize": {
        "x": 9,
        "y": 10,
        "w": 32,
        "h": 32
      },
      "sourceSize": {
        "w": 50,
        "h": 50
      },
      "pivot": {
        "x": 0.5,
        "y": 0.5
      }
    },
    "Ninja/White/1x/larger.png": {
      "frame": {
        "x": 1066,
        "y": 1097,
        "w": 32,
        "h": 32
      },
      "rotated": false,
      "trimmed": true,
      "spriteSourceSize": {
        "x": 10,
        "y": 10,
        "w": 32,
        "h": 32
      },
      "sourceSize": {
        "w": 50,
        "h": 50
      },
      "pivot": {
        "x": 0.5,
        "y": 0.5
      }
    },
    "Ninja/White/1x/locked.png": {
      "frame": {
        "x": 1066,
        "y": 1133,
        "w": 32,
        "h": 32
      },
      "rotated": false,
      "trimmed": true,
      "spriteSourceSize": {
        "x": 10,
        "y": 10,
        "w": 32,
        "h": 32
      },
      "sourceSize": {
        "w": 50,
        "h": 50
      },
      "pivot": {
        "x": 0.5,
        "y": 0.5
      }
    },
    "Ninja/White/1x/menuGrid.png": {
      "frame": {
        "x": 1066,
        "y": 1169,
        "w": 32,
        "h": 32
      },
      "rotated": false,
      "trimmed": true,
      "spriteSourceSize": {
        "x": 9,
        "y": 8,
        "w": 32,
        "h": 32
      },
      "sourceSize": {
        "w": 50,
        "h": 50
      },
      "pivot": {
        "x": 0.5,
        "y": 0.5
      }
    },
    "Ninja/White/1x/menuList.png": {
      "frame": {
        "x": 1066,
        "y": 1205,
        "w": 32,
        "h": 32
      },
      "rotated": false,
      "trimmed": true,
      "spriteSourceSize": {
        "x": 9,
        "y": 8,
        "w": 32,
        "h": 32
      },
      "sourceSize": {
        "w": 50,
        "h": 50
      },
      "pivot": {
        "x": 0.5,
        "y": 0.5
      }
    },
    "Ninja/White/1x/open.png": {
      "frame": {
        "x": 1298,
        "y": 899,
        "w": 32,
        "h": 32
      },
      "rotated": false,
      "trimmed": true,
      "spriteSourceSize": {
        "x": 10,
        "y": 10,
        "w": 32,
        "h": 32
      },
      "sourceSize": {
        "w": 50,
        "h": 50
      },
      "pivot": {
        "x": 0.5,
        "y": 0.5
      }
    },
    "Ninja/White/1x/plus.png": {
      "frame": {
        "x": 1334,
        "y": 899,
        "w": 32,
        "h": 32
      },
      "rotated": false,
      "trimmed": true,
      "spriteSourceSize": {
        "x": 10,
        "y": 10,
        "w": 32,
        "h": 32
      },
      "sourceSize": {
        "w": 50,
        "h": 50
      },
      "pivot": {
        "x": 0.5,
        "y": 0.5
      }
    },
    "Ninja/White/1x/save.png": {
      "frame": {
        "x": 1370,
        "y": 899,
        "w": 32,
        "h": 32
      },
      "rotated": false,
      "trimmed": true,
      "spriteSourceSize": {
        "x": 9,
        "y": 10,
        "w": 32,
        "h": 32
      },
      "sourceSize": {
        "w": 50,
        "h": 50
      },
      "pivot": {
        "x": 0.5,
        "y": 0.5
      }
    },
    "Ninja/White/1x/signal3.png": {
      "frame": {
        "x": 1406,
        "y": 899,
        "w": 32,
        "h": 32
      },
      "rotated": false,
      "trimmed": true,
      "spriteSourceSize": {
        "x": 9,
        "y": 10,
        "w": 32,
        "h": 32
      },
      "sourceSize": {
        "w": 50,
        "h": 50
      },
      "pivot": {
        "x": 0.5,
        "y": 0.5
      }
    },
    "Ninja/White/1x/smaller.png": {
      "frame": {
        "x": 1442,
        "y": 899,
        "w": 32,
        "h": 32
      },
      "rotated": false,
      "trimmed": true,
      "spriteSourceSize": {
        "x": 10,
        "y": 10,
        "w": 32,
        "h": 32
      },
      "sourceSize": {
        "w": 50,
        "h": 50
      },
      "pivot": {
        "x": 0.5,
        "y": 0.5
      }
    },
    "Ninja/White/1x/target.png": {
      "frame": {
        "x": 1478,
        "y": 899,
        "w": 32,
        "h": 32
      },
      "rotated": false,
      "trimmed": true,
      "spriteSourceSize": {
        "x": 10,
        "y": 10,
        "w": 32,
        "h": 32
      },
      "sourceSize": {
        "w": 50,
        "h": 50
      },
      "pivot": {
        "x": 0.5,
        "y": 0.5
      }
    },
    "Ninja/White/1x/wrench.png": {
      "frame": {
        "x": 1514,
        "y": 899,
        "w": 32,
        "h": 32
      },
      "rotated": false,
      "trimmed": true,
      "spriteSourceSize": {
        "x": 10,
        "y": 10,
        "w": 32,
        "h": 32
      },
      "sourceSize": {
        "w": 50,
        "h": 50
      },
      "pivot": {
        "x": 0.5,
        "y": 0.5
      }
    },
    "Ninja/Jump/Jump__001.png": {
      "frame": {
        "x": 1559,
        "y": 954,
        "w": 266,
        "h": 461
      },
      "rotated": true,
      "trimmed": true,
      "spriteSourceSize": {
        "x": 55,
        "y": 21,
        "w": 266,
        "h": 461
      },
      "sourceSize": {
        "w": 362,
        "h": 483
      },
      "pivot": {
        "x": 0.5,
        "y": 0.5
      }
    },
    "Ninja/Climb/Climb_005.png": {
      "frame": {
        "x": 1559,
        "y": 1224,
        "w": 233,
        "h": 461
      },
      "rotated": true,
      "trimmed": true,
      "spriteSourceSize": {
        "x": 31,
        "y": 3,
        "w": 233,
        "h": 461
      },
      "sourceSize": {
        "w": 282,
        "h": 464
      },
      "pivot": {
        "x": 0.5,
        "y": 0.5
      }
    },
    "Ninja/Attack/Attack__001.png": {
      "frame": {
        "x": 1118,
        "y": 1239,
        "w": 276,
        "h": 437
      },
      "rotated": true,
      "trimmed": true,
      "spriteSourceSize": {
        "x": 47,
        "y": 16,
        "w": 276,
        "h": 437
      },
      "sourceSize": {
        "w": 536,
        "h": 495
      },
      "pivot": {
        "x": 0.5,
        "y": 0.5
      }
    },
    "Ninja/Run/Run__008.png": {
      "frame": {
        "x": 1085,
        "y": 1519,
        "w": 316,
        "h": 403
      },
      "rotated": false,
      "trimmed": true,
      "spriteSourceSize": {
        "x": 30,
        "y": 7,
        "w": 316,
        "h": 403
      },
      "sourceSize": {
        "w": 363,
        "h": 458
      },
      "pivot": {
        "x": 0.5,
        "y": 0.5
      }
    },
    "Ninja/White/2x/zoomDefault.png": {
      "frame": {
        "x": 1086,
        "y": 1926,
        "w": 64,
        "h": 65
      },
      "rotated": false,
      "trimmed": true,
      "spriteSourceSize": {
        "x": 20,
        "y": 20,
        "w": 64,
        "h": 65
      },
      "sourceSize": {
        "w": 100,
        "h": 100
      },
      "pivot": {
        "x": 0.5,
        "y": 0.5
      }
    },
    "ninjagirlnew/Run/Run__008.png": {
      "frame": {
        "x": 1559,
        "y": 1461,
        "w": 325,
        "h": 460
      },
      "rotated": true,
      "trimmed": true,
      "spriteSourceSize": {
        "x": 30,
        "y": 11,
        "w": 325,
        "h": 460
      },
      "sourceSize": {
        "w": 376,
        "h": 520
      },
      "pivot": {
        "x": 0.5,
        "y": 0.5
      }
    },
    "Platform/Tiles/Acid (2).png": {
      "frame": {
        "x": 1405,
        "y": 1790,
        "w": 256,
        "h": 256
      },
      "rotated": false,
      "trimmed": false,
      "spriteSourceSize": {
        "x": 0,
        "y": 0,
        "w": 256,
        "h": 256
      },
      "sourceSize": {
        "w": 256,
        "h": 256
      },
      "pivot": {
        "x": 0.5,
        "y": 0.5
      }
    },
    "Platform/Tiles/BGTile (1).png": {
      "frame": {
        "x": 1665,
        "y": 1790,
        "w": 256,
        "h": 256
      },
      "rotated": false,
      "trimmed": false,
      "spriteSourceSize": {
        "x": 0,
        "y": 0,
        "w": 256,
        "h": 256
      },
      "sourceSize": {
        "w": 256,
        "h": 256
      },
      "pivot": {
        "x": 0.5,
        "y": 0.5
      }
    },
    "Ninja/White/2x/zoomIn.png": {
      "frame": {
        "x": 1154,
        "y": 1926,
        "w": 64,
        "h": 65
      },
      "rotated": false,
      "trimmed": true,
      "spriteSourceSize": {
        "x": 20,
        "y": 20,
        "w": 64,
        "h": 65
      },
      "sourceSize": {
        "w": 100,
        "h": 100
      },
      "pivot": {
        "x": 0.5,
        "y": 0.5
      }
    },
    "Ninja/White/2x/zoomOut.png": {
      "frame": {
        "x": 1222,
        "y": 1926,
        "w": 64,
        "h": 65
      },
      "rotated": false,
      "trimmed": true,
      "spriteSourceSize": {
        "x": 20,
        "y": 20,
        "w": 64,
        "h": 65
      },
      "sourceSize": {
        "w": 100,
        "h": 100
      },
      "pivot": {
        "x": 0.5,
        "y": 0.5
      }
    },
    "Ninja/Black/2x/pause.png": {
      "frame": {
        "x": 1290,
        "y": 1926,
        "w": 56,
        "h": 65
      },
      "rotated": true,
      "trimmed": true,
      "spriteSourceSize": {
        "x": 22,
        "y": 16,
        "w": 56,
        "h": 65
      },
      "sourceSize": {
        "w": 100,
        "h": 100
      },
      "pivot": {
        "x": 0.5,
        "y": 0.5
      }
    },
    "Ninja/Black/2x/star.png": {
      "frame": {
        "x": 1290,
        "y": 1986,
        "w": 64,
        "h": 60
      },
      "rotated": false,
      "trimmed": true,
      "spriteSourceSize": {
        "x": 18,
        "y": 20,
        "w": 64,
        "h": 60
      },
      "sourceSize": {
        "w": 100,
        "h": 100
      },
      "pivot": {
        "x": 0.5,
        "y": 0.5
      }
    },
    "Ninja/White/2x/pause.png": {
      "frame": {
        "x": 1925,
        "y": 1790,
        "w": 56,
        "h": 65
      },
      "rotated": true,
      "trimmed": true,
      "spriteSourceSize": {
        "x": 22,
        "y": 16,
        "w": 56,
        "h": 65
      },
      "sourceSize": {
        "w": 100,
        "h": 100
      },
      "pivot": {
        "x": 0.5,
        "y": 0.5
      }
    },
    "Ninja/Black/2x/scrollVertical.png": {
      "frame": {
        "x": 1994,
        "y": 1790,
        "w": 52,
        "h": 61
      },
      "rotated": false,
      "trimmed": true,
      "spriteSourceSize": {
        "x": 24,
        "y": 18,
        "w": 52,
        "h": 61
      },
      "sourceSize": {
        "w": 100,
        "h": 100
      },
      "pivot": {
        "x": 0.5,
        "y": 0.5
      }
    },
    "Ninja/White/2x/scrollVertical.png": {
      "frame": {
        "x": 1994,
        "y": 1855,
        "w": 52,
        "h": 61
      },
      "rotated": false,
      "trimmed": true,
      "spriteSourceSize": {
        "x": 24,
        "y": 18,
        "w": 52,
        "h": 61
      },
      "sourceSize": {
        "w": 100,
        "h": 100
      },
      "pivot": {
        "x": 0.5,
        "y": 0.5
      }
    },
    "Ninja/Black/2x/barsVertical.png": {
      "frame": {
        "x": 1925,
        "y": 1850,
        "w": 64,
        "h": 64
      },
      "rotated": false,
      "trimmed": true,
      "spriteSourceSize": {
        "x": 18,
        "y": 16,
        "w": 64,
        "h": 64
      },
      "sourceSize": {
        "w": 100,
        "h": 100
      },
      "pivot": {
        "x": 0.5,
        "y": 0.5
      }
    },
    "Ninja/Black/2x/button1.png": {
      "frame": {
        "x": 1925,
        "y": 1918,
        "w": 64,
        "h": 64
      },
      "rotated": false,
      "trimmed": true,
      "spriteSourceSize": {
        "x": 20,
        "y": 18,
        "w": 64,
        "h": 64
      },
      "sourceSize": {
        "w": 100,
        "h": 100
      },
      "pivot": {
        "x": 0.5,
        "y": 0.5
      }
    },
    "Ninja/White/2x/star.png": {
      "frame": {
        "x": 1925,
        "y": 1986,
        "w": 64,
        "h": 60
      },
      "rotated": false,
      "trimmed": true,
      "spriteSourceSize": {
        "x": 18,
        "y": 20,
        "w": 64,
        "h": 60
      },
      "sourceSize": {
        "w": 100,
        "h": 100
      },
      "pivot": {
        "x": 0.5,
        "y": 0.5
      }
    },
    "Ninja/Black/2x/scrollHorizontal.png": {
      "frame": {
        "x": 1993,
        "y": 1920,
        "w": 60,
        "h": 53
      },
      "rotated": true,
      "trimmed": true,
      "spriteSourceSize": {
        "x": 20,
        "y": 22,
        "w": 60,
        "h": 53
      },
      "sourceSize": {
        "w": 100,
        "h": 100
      },
      "pivot": {
        "x": 0.5,
        "y": 0.5
      }
    },
    "Ninja/White/2x/scrollHorizontal.png": {
      "frame": {
        "x": 1993,
        "y": 1984,
        "w": 60,
        "h": 53
      },
      "rotated": true,
      "trimmed": true,
      "spriteSourceSize": {
        "x": 20,
        "y": 22,
        "w": 60,
        "h": 53
      },
      "sourceSize": {
        "w": 100,
        "h": 100
      },
      "pivot": {
        "x": 0.5,
        "y": 0.5
      }
    },
    "Ninja/Black/2x/button2.png": {
      "frame": {
        "x": 1405,
        "y": 1519,
        "w": 64,
        "h": 64
      },
      "rotated": false,
      "trimmed": true,
      "spriteSourceSize": {
        "x": 20,
        "y": 18,
        "w": 64,
        "h": 64
      },
      "sourceSize": {
        "w": 100,
        "h": 100
      },
      "pivot": {
        "x": 0.5,
        "y": 0.5
      }
    },
    "Ninja/Black/2x/button3.png": {
      "frame": {
        "x": 1473,
        "y": 1519,
        "w": 64,
        "h": 64
      },
      "rotated": false,
      "trimmed": true,
      "spriteSourceSize": {
        "x": 20,
        "y": 18,
        "w": 64,
        "h": 64
      },
      "sourceSize": {
        "w": 100,
        "h": 100
      },
      "pivot": {
        "x": 0.5,
        "y": 0.5
      }
    },
    "Ninja/Black/2x/buttonA.png": {
      "frame": {
        "x": 1405,
        "y": 1587,
        "w": 64,
        "h": 64
      },
      "rotated": false,
      "trimmed": true,
      "spriteSourceSize": {
        "x": 20,
        "y": 18,
        "w": 64,
        "h": 64
      },
      "sourceSize": {
        "w": 100,
        "h": 100
      },
      "pivot": {
        "x": 0.5,
        "y": 0.5
      }
    },
    "Ninja/Black/2x/buttonB.png": {
      "frame": {
        "x": 1473,
        "y": 1587,
        "w": 64,
        "h": 64
      },
      "rotated": false,
      "trimmed": true,
      "spriteSourceSize": {
        "x": 20,
        "y": 18,
        "w": 64,
        "h": 64
      },
      "sourceSize": {
        "w": 100,
        "h": 100
      },
      "pivot": {
        "x": 0.5,
        "y": 0.5
      }
    },
    "Ninja/Black/2x/buttonX.png": {
      "frame": {
        "x": 1405,
        "y": 1655,
        "w": 64,
        "h": 64
      },
      "rotated": false,
      "trimmed": true,
      "spriteSourceSize": {
        "x": 20,
        "y": 18,
        "w": 64,
        "h": 64
      },
      "sourceSize": {
        "w": 100,
        "h": 100
      },
      "pivot": {
        "x": 0.5,
        "y": 0.5
      }
    },
    "Ninja/Black/2x/shoppingBasket.png": {
      "frame": {
        "x": 1405,
        "y": 1723,
        "w": 60,
        "h": 62
      },
      "rotated": false,
      "trimmed": true,
      "spriteSourceSize": {
        "x": 22,
        "y": 22,
        "w": 60,
        "h": 62
      },
      "sourceSize": {
        "w": 100,
        "h": 100
      },
      "pivot": {
        "x": 0.5,
        "y": 0.5
      }
    },
    "Ninja/White/2x/musicOff.png": {
      "frame": {
        "x": 1469,
        "y": 1723,
        "w": 60,
        "h": 62
      },
      "rotated": false,
      "trimmed": true,
      "spriteSourceSize": {
        "x": 22,
        "y": 22,
        "w": 60,
        "h": 62
      },
      "sourceSize": {
        "w": 100,
        "h": 100
      },
      "pivot": {
        "x": 0.5,
        "y": 0.5
      }
    },
    "Ninja/Black/2x/buttonY.png": {
      "frame": {
        "x": 1473,
        "y": 1655,
        "w": 64,
        "h": 64
      },
      "rotated": false,
      "trimmed": true,
      "spriteSourceSize": {
        "x": 20,
        "y": 18,
        "w": 64,
        "h": 64
      },
      "sourceSize": {
        "w": 100,
        "h": 100
      },
      "pivot": {
        "x": 0.5,
        "y": 0.5
      }
    },
    "ninjagirlnew/Dead/Dead__007.png": {
      "frame": {
        "x": 369,
        "y": 487,
        "w": 479,
        "h": 319
      },
      "rotated": true,
      "trimmed": true,
      "spriteSourceSize": {
        "x": 34,
        "y": 255,
        "w": 479,
        "h": 319
      },
      "sourceSize": {
        "w": 578,
        "h": 599
      },
      "pivot": {
        "x": 0.5,
        "y": 0.5
      }
    },
    "ninjagirlnew/Dead/Dead__008.png": {
      "frame": {
        "x": 369,
        "y": 487,
        "w": 479,
        "h": 319
      },
      "rotated": true,
      "trimmed": true,
      "spriteSourceSize": {
        "x": 34,
        "y": 255,
        "w": 479,
        "h": 319
      },
      "sourceSize": {
        "w": 578,
        "h": 599
      },
      "pivot": {
        "x": 0.5,
        "y": 0.5
      }
    },
    "ninjagirlnew/Dead/Dead__009.png": {
      "frame": {
        "x": 369,
        "y": 487,
        "w": 479,
        "h": 319
      },
      "rotated": true,
      "trimmed": true,
      "spriteSourceSize": {
        "x": 34,
        "y": 255,
        "w": 479,
        "h": 319
      },
      "sourceSize": {
        "w": 578,
        "h": 599
      },
      "pivot": {
        "x": 0.5,
        "y": 0.5
      }
    },
    "ninjagirlnew/Jump/Jump__004.png": {
      "frame": {
        "x": 983,
        "y": 2,
        "w": 288,
        "h": 475
      },
      "rotated": false,
      "trimmed": true,
      "spriteSourceSize": {
        "x": 30,
        "y": 38,
        "w": 288,
        "h": 475
      },
      "sourceSize": {
        "w": 399,
        "h": 543
      },
      "pivot": {
        "x": 0.5,
        "y": 0.5
      }
    },
    "ninjagirlnew/Jump/Jump__005.png": {
      "frame": {
        "x": 983,
        "y": 2,
        "w": 288,
        "h": 475
      },
      "rotated": false,
      "trimmed": true,
      "spriteSourceSize": {
        "x": 30,
        "y": 38,
        "w": 288,
        "h": 475
      },
      "sourceSize": {
        "w": 399,
        "h": 543
      },
      "pivot": {
        "x": 0.5,
        "y": 0.5
      }
    }
  },
  "meta": {
    "app": "http://free-tex-packer.com",
    "version": "0.6.7",
    "image": "Ninja-4.png",
    "format": "RGBA8888",
    "size": {
      "w": 2048,
      "h": 2048
    },
    "scale": 1
  }
}