{
  "frames": {
    "Ninja/Jump_Attack/Jump_Attack__001.png": {
      "frame": {
        "x": 2,
        "y": 2,
        "w": 296,
        "h": 411
      },
      "rotated": false,
      "trimmed": true,
      "spriteSourceSize": {
        "x": 34,
        "y": 18,
        "w": 296,
        "h": 411
      },
      "sourceSize": {
        "w": 504,
        "h": 522
      },
      "pivot": {
        "x": 0.5,
        "y": 0.5
      }
    },
    "Ninja/Jump_Throw/Jump_Throw__007.png": {
      "frame": {
        "x": 2,
        "y": 417,
        "w": 321,
        "h": 400
      },
      "rotated": false,
      "trimmed": true,
      "spriteSourceSize": {
        "x": 35,
        "y": 17,
        "w": 321,
        "h": 400
      },
      "sourceSize": {
        "w": 360,
        "h": 431
      },
      "pivot": {
        "x": 0.5,
        "y": 0.5
      }
    },
    "Ninja/Jump_Throw/Jump_Throw__002.png": {
      "frame": {
        "x": 302,
        "y": 2,
        "w": 307,
        "h": 400
      },
      "rotated": false,
      "trimmed": true,
      "spriteSourceSize": {
        "x": 49,
        "y": 17,
        "w": 307,
        "h": 400
      },
      "sourceSize": {
        "w": 360,
        "h": 431
      },
      "pivot": {
        "x": 0.5,
        "y": 0.5
      }
    },
    "Ninja/Jump_Throw/Jump_Throw__005.png": {
      "frame": {
        "x": 2,
        "y": 821,
        "w": 351,
        "h": 399
      },
      "rotated": false,
      "trimmed": true,
      "spriteSourceSize": {
        "x": 8,
        "y": 18,
        "w": 351,
        "h": 399
      },
      "sourceSize": {
        "w": 360,
        "h": 431
      },
      "pivot": {
        "x": 0.5,
        "y": 0.5
      }
    },
    "Ninja/Jump_Throw/Jump_Throw__006.png": {
      "frame": {
        "x": 327,
        "y": 406,
        "w": 349,
        "h": 399
      },
      "rotated": false,
      "trimmed": true,
      "spriteSourceSize": {
        "x": 10,
        "y": 18,
        "w": 349,
        "h": 399
      },
      "sourceSize": {
        "w": 360,
        "h": 431
      },
      "pivot": {
        "x": 0.5,
        "y": 0.5
      }
    },
    "Ninja/Jump_Throw/Jump_Throw__003.png": {
      "frame": {
        "x": 613,
        "y": 2,
        "w": 337,
        "h": 399
      },
      "rotated": false,
      "trimmed": true,
      "spriteSourceSize": {
        "x": 22,
        "y": 18,
        "w": 337,
        "h": 399
      },
      "sourceSize": {
        "w": 360,
        "h": 431
      },
      "pivot": {
        "x": 0.5,
        "y": 0.5
      }
    },
    "ninjagirlnew/Slide/Slide__000.png": {
      "frame": {
        "x": 2,
        "y": 1224,
        "w": 394,
        "h": 395
      },
      "rotated": false,
      "trimmed": true,
      "spriteSourceSize": {
        "x": 2,
        "y": 3,
        "w": 394,
        "h": 395
      },
      "sourceSize": {
        "w": 397,
        "h": 401
      },
      "pivot": {
        "x": 0.5,
        "y": 0.5
      }
    },
    "ninjagirlnew/Slide/Slide__001.png": {
      "frame": {
        "x": 357,
        "y": 809,
        "w": 392,
        "h": 395
      },
      "rotated": false,
      "trimmed": true,
      "spriteSourceSize": {
        "x": 4,
        "y": 3,
        "w": 392,
        "h": 395
      },
      "sourceSize": {
        "w": 397,
        "h": 401
      },
      "pivot": {
        "x": 0.5,
        "y": 0.5
      }
    },
    "ninjagirlnew/Slide/Slide__009.png": {
      "frame": {
        "x": 680,
        "y": 405,
        "w": 392,
        "h": 395
      },
      "rotated": false,
      "trimmed": true,
      "spriteSourceSize": {
        "x": 4,
        "y": 3,
        "w": 392,
        "h": 395
      },
      "sourceSize": {
        "w": 397,
        "h": 401
      },
      "pivot": {
        "x": 0.5,
        "y": 0.5
      }
    },
    "Ninja/Dead/Dead__003.png": {
      "frame": {
        "x": 954,
        "y": 2,
        "w": 377,
        "h": 368
      },
      "rotated": true,
      "trimmed": true,
      "spriteSourceSize": {
        "x": 26,
        "y": 121,
        "w": 377,
        "h": 368
      },
      "sourceSize": {
        "w": 482,
        "h": 498
      },
      "pivot": {
        "x": 0.5,
        "y": 0.5
      }
    },
    "Ninja/Slide/Slide__000.png": {
      "frame": {
        "x": 2,
        "y": 1623,
        "w": 364,
        "h": 343
      },
      "rotated": true,
      "trimmed": true,
      "spriteSourceSize": {
        "x": 8,
        "y": 3,
        "w": 364,
        "h": 343
      },
      "sourceSize": {
        "w": 373,
        "h": 351
      },
      "pivot": {
        "x": 0.5,
        "y": 0.5
      }
    },
    "Ninja/Slide/Slide__001.png": {
      "frame": {
        "x": 349,
        "y": 1623,
        "w": 362,
        "h": 343
      },
      "rotated": true,
      "trimmed": true,
      "spriteSourceSize": {
        "x": 10,
        "y": 3,
        "w": 362,
        "h": 343
      },
      "sourceSize": {
        "w": 373,
        "h": 351
      },
      "pivot": {
        "x": 0.5,
        "y": 0.5
      }
    },
    "Ninja/Slide/Slide__009.png": {
      "frame": {
        "x": 400,
        "y": 1208,
        "w": 362,
        "h": 343
      },
      "rotated": true,
      "trimmed": true,
      "spriteSourceSize": {
        "x": 10,
        "y": 3,
        "w": 362,
        "h": 343
      },
      "sourceSize": {
        "w": 373,
        "h": 351
      },
      "pivot": {
        "x": 0.5,
        "y": 0.5
      }
    },
    "Platform/Objects/Saw.png": {
      "frame": {
        "x": 696,
        "y": 1574,
        "w": 357,
        "h": 361
      },
      "rotated": false,
      "trimmed": false,
      "spriteSourceSize": {
        "x": 0,
        "y": 0,
        "w": 357,
        "h": 361
      },
      "sourceSize": {
        "w": 357,
        "h": 361
      },
      "pivot": {
        "x": 0.5,
        "y": 0.5
      }
    },
    "Ninja/Slide/Slide__002.png": {
      "frame": {
        "x": 747,
        "y": 1208,
        "w": 361,
        "h": 345
      },
      "rotated": true,
      "trimmed": true,
      "spriteSourceSize": {
        "x": 11,
        "y": 2,
        "w": 361,
        "h": 345
      },
      "sourceSize": {
        "w": 373,
        "h": 351
      },
      "pivot": {
        "x": 0.5,
        "y": 0.5
      }
    },
    "Ninja/Slide/Slide__008.png": {
      "frame": {
        "x": 753,
        "y": 804,
        "w": 361,
        "h": 345
      },
      "rotated": true,
      "trimmed": true,
      "spriteSourceSize": {
        "x": 11,
        "y": 2,
        "w": 361,
        "h": 345
      },
      "sourceSize": {
        "w": 373,
        "h": 351
      },
      "pivot": {
        "x": 0.5,
        "y": 0.5
      }
    },
    "Ninja/Slide/Slide__003.png": {
      "frame": {
        "x": 1096,
        "y": 383,
        "w": 359,
        "h": 345
      },
      "rotated": true,
      "trimmed": true,
      "spriteSourceSize": {
        "x": 13,
        "y": 2,
        "w": 359,
        "h": 345
      },
      "sourceSize": {
        "w": 373,
        "h": 351
      },
      "pivot": {
        "x": 0.5,
        "y": 0.5
      }
    },
    "Ninja/Slide/Slide__007.png": {
      "frame": {
        "x": 1326,
        "y": 2,
        "w": 359,
        "h": 345
      },
      "rotated": true,
      "trimmed": true,
      "spriteSourceSize": {
        "x": 13,
        "y": 2,
        "w": 359,
        "h": 345
      },
      "sourceSize": {
        "w": 373,
        "h": 351
      },
      "pivot": {
        "x": 0.5,
        "y": 0.5
      }
    },
    "Ninja/Slide/Slide__004.png": {
      "frame": {
        "x": 1675,
        "y": 2,
        "w": 356,
        "h": 346
      },
      "rotated": false,
      "trimmed": true,
      "spriteSourceSize": {
        "x": 16,
        "y": 2,
        "w": 356,
        "h": 346
      },
      "sourceSize": {
        "w": 373,
        "h": 351
      },
      "pivot": {
        "x": 0.5,
        "y": 0.5
      }
    },
    "Ninja/Slide/Slide__006.png": {
      "frame": {
        "x": 1675,
        "y": 352,
        "w": 356,
        "h": 346
      },
      "rotated": false,
      "trimmed": true,
      "spriteSourceSize": {
        "x": 16,
        "y": 2,
        "w": 356,
        "h": 346
      },
      "sourceSize": {
        "w": 373,
        "h": 351
      },
      "pivot": {
        "x": 0.5,
        "y": 0.5
      }
    },
    "Ninja/Slide/Slide__005.png": {
      "frame": {
        "x": 1057,
        "y": 1573,
        "w": 354,
        "h": 347
      },
      "rotated": true,
      "trimmed": true,
      "spriteSourceSize": {
        "x": 18,
        "y": 1,
        "w": 354,
        "h": 347
      },
      "sourceSize": {
        "w": 373,
        "h": 351
      },
      "pivot": {
        "x": 0.5,
        "y": 0.5
      }
    }
  },
  "meta": {
    "app": "http://free-tex-packer.com",
    "version": "0.6.7",
    "image": "Ninja-8.png",
    "format": "RGBA8888",
    "size": {
      "w": 2033,
      "h": 1989
    },
    "scale": 1
  }
}