{
  "frames": {
    "png/Run__004.png": {
      "frame": {
        "x": 2,
        "y": 2,
        "w": 363,
        "h": 481
      },
      "rotated": false,
      "trimmed": true,
      "spriteSourceSize": {
        "x": 5,
        "y": 20,
        "w": 363,
        "h": 481
      },
      "sourceSize": {
        "w": 376,
        "h": 520
      },
      "pivot": {
        "x": 0.5,
        "y": 0.5
      }
    },
    "png/Run__005.png": {
      "frame": {
        "x": 2,
        "y": 487,
        "w": 334,
        "h": 481
      },
      "rotated": false,
      "trimmed": true,
      "spriteSourceSize": {
        "x": 34,
        "y": 20,
        "w": 334,
        "h": 481
      },
      "sourceSize": {
        "w": 376,
        "h": 520
      },
      "pivot": {
        "x": 0.5,
        "y": 0.5
      }
    },
    "png/Attack__009.png": {
      "frame": {
        "x": 2,
        "y": 972,
        "w": 367,
        "h": 480
      },
      "rotated": false,
      "trimmed": true,
      "spriteSourceSize": {
        "x": 46,
        "y": 42,
        "w": 367,
        "h": 480
      },
      "sourceSize": {
        "w": 524,
        "h": 565
      },
      "pivot": {
        "x": 0.5,
        "y": 0.5
      }
    },
    "png/Dead__006.png": {
      "frame": {
        "x": 340,
        "y": 487,
        "w": 479,
        "h": 319
      },
      "rotated": true,
      "trimmed": true,
      "spriteSourceSize": {
        "x": 34,
        "y": 255,
        "w": 479,
        "h": 319
      },
      "sourceSize": {
        "w": 578,
        "h": 599
      },
      "pivot": {
        "x": 0.5,
        "y": 0.5
      }
    },
    "png/Climb_007.png": {
      "frame": {
        "x": 369,
        "y": 2,
        "w": 318,
        "h": 479
      },
      "rotated": false,
      "trimmed": true,
      "spriteSourceSize": {
        "x": 23,
        "y": 5,
        "w": 318,
        "h": 479
      },
      "sourceSize": {
        "w": 361,
        "h": 497
      },
      "pivot": {
        "x": 0.5,
        "y": 0.5
      }
    },
    "png/Climb_003.png": {
      "frame": {
        "x": 663,
        "y": 485,
        "w": 317,
        "h": 478
      },
      "rotated": false,
      "trimmed": true,
      "spriteSourceSize": {
        "x": 23,
        "y": 5,
        "w": 317,
        "h": 478
      },
      "sourceSize": {
        "w": 361,
        "h": 497
      },
      "pivot": {
        "x": 0.5,
        "y": 0.5
      }
    },
    "png/Run__003.png": {
      "frame": {
        "x": 691,
        "y": 2,
        "w": 360,
        "h": 476
      },
      "rotated": false,
      "trimmed": true,
      "spriteSourceSize": {
        "x": 0,
        "y": 13,
        "w": 360,
        "h": 476
      },
      "sourceSize": {
        "w": 376,
        "h": 520
      },
      "pivot": {
        "x": 0.5,
        "y": 0.5
      }
    },
    "png/Run__009.png": {
      "frame": {
        "x": 2,
        "y": 1456,
        "w": 341,
        "h": 476
      },
      "rotated": false,
      "trimmed": true,
      "spriteSourceSize": {
        "x": 27,
        "y": 20,
        "w": 341,
        "h": 476
      },
      "sourceSize": {
        "w": 376,
        "h": 520
      },
      "pivot": {
        "x": 0.5,
        "y": 0.5
      }
    },
    "Ninja/Black/2x/barsVertical.png": {
      "frame": {
        "x": 2,
        "y": 1936,
        "w": 64,
        "h": 64
      },
      "rotated": false,
      "trimmed": true,
      "spriteSourceSize": {
        "x": 18,
        "y": 16,
        "w": 64,
        "h": 64
      },
      "sourceSize": {
        "w": 100,
        "h": 100
      },
      "pivot": {
        "x": 0.5,
        "y": 0.5
      }
    },
    "Ninja/Black/1x/gamepad1.png": {
      "frame": {
        "x": 2,
        "y": 2004,
        "w": 40,
        "h": 37
      },
      "rotated": true,
      "trimmed": true,
      "spriteSourceSize": {
        "x": 6,
        "y": 8,
        "w": 40,
        "h": 37
      },
      "sourceSize": {
        "w": 50,
        "h": 50
      },
      "pivot": {
        "x": 0.5,
        "y": 0.5
      }
    },
    "Ninja/White/1x/gamepad1.png": {
      "frame": {
        "x": 43,
        "y": 2004,
        "w": 40,
        "h": 37
      },
      "rotated": true,
      "trimmed": true,
      "spriteSourceSize": {
        "x": 6,
        "y": 8,
        "w": 40,
        "h": 37
      },
      "sourceSize": {
        "w": 50,
        "h": 50
      },
      "pivot": {
        "x": 0.5,
        "y": 0.5
      }
    },
    "Ninja/Black/2x/button1.png": {
      "frame": {
        "x": 70,
        "y": 1936,
        "w": 64,
        "h": 64
      },
      "rotated": false,
      "trimmed": true,
      "spriteSourceSize": {
        "x": 20,
        "y": 18,
        "w": 64,
        "h": 64
      },
      "sourceSize": {
        "w": 100,
        "h": 100
      },
      "pivot": {
        "x": 0.5,
        "y": 0.5
      }
    },
    "Ninja/Black/1x/gamepad2.png": {
      "frame": {
        "x": 84,
        "y": 2004,
        "w": 39,
        "h": 37
      },
      "rotated": true,
      "trimmed": true,
      "spriteSourceSize": {
        "x": 6,
        "y": 8,
        "w": 39,
        "h": 37
      },
      "sourceSize": {
        "w": 50,
        "h": 50
      },
      "pivot": {
        "x": 0.5,
        "y": 0.5
      }
    },
    "Ninja/Black/1x/gamepad3.png": {
      "frame": {
        "x": 125,
        "y": 2004,
        "w": 39,
        "h": 37
      },
      "rotated": true,
      "trimmed": true,
      "spriteSourceSize": {
        "x": 6,
        "y": 8,
        "w": 39,
        "h": 37
      },
      "sourceSize": {
        "w": 50,
        "h": 50
      },
      "pivot": {
        "x": 0.5,
        "y": 0.5
      }
    },
    "Ninja/Black/2x/button2.png": {
      "frame": {
        "x": 138,
        "y": 1936,
        "w": 64,
        "h": 64
      },
      "rotated": false,
      "trimmed": true,
      "spriteSourceSize": {
        "x": 20,
        "y": 18,
        "w": 64,
        "h": 64
      },
      "sourceSize": {
        "w": 100,
        "h": 100
      },
      "pivot": {
        "x": 0.5,
        "y": 0.5
      }
    },
    "Ninja/Black/1x/gamepad4.png": {
      "frame": {
        "x": 166,
        "y": 2004,
        "w": 39,
        "h": 37
      },
      "rotated": true,
      "trimmed": true,
      "spriteSourceSize": {
        "x": 6,
        "y": 8,
        "w": 39,
        "h": 37
      },
      "sourceSize": {
        "w": 50,
        "h": 50
      },
      "pivot": {
        "x": 0.5,
        "y": 0.5
      }
    },
    "Ninja/Black/2x/button3.png": {
      "frame": {
        "x": 206,
        "y": 1936,
        "w": 64,
        "h": 64
      },
      "rotated": false,
      "trimmed": true,
      "spriteSourceSize": {
        "x": 20,
        "y": 18,
        "w": 64,
        "h": 64
      },
      "sourceSize": {
        "w": 100,
        "h": 100
      },
      "pivot": {
        "x": 0.5,
        "y": 0.5
      }
    },
    "Ninja/White/1x/gamepad2.png": {
      "frame": {
        "x": 207,
        "y": 2004,
        "w": 39,
        "h": 37
      },
      "rotated": true,
      "trimmed": true,
      "spriteSourceSize": {
        "x": 6,
        "y": 8,
        "w": 39,
        "h": 37
      },
      "sourceSize": {
        "w": 50,
        "h": 50
      },
      "pivot": {
        "x": 0.5,
        "y": 0.5
      }
    },
    "Ninja/White/1x/gamepad3.png": {
      "frame": {
        "x": 248,
        "y": 2004,
        "w": 39,
        "h": 37
      },
      "rotated": true,
      "trimmed": true,
      "spriteSourceSize": {
        "x": 6,
        "y": 8,
        "w": 39,
        "h": 37
      },
      "sourceSize": {
        "w": 50,
        "h": 50
      },
      "pivot": {
        "x": 0.5,
        "y": 0.5
      }
    },
    "Ninja/Black/2x/buttonA.png": {
      "frame": {
        "x": 274,
        "y": 1936,
        "w": 64,
        "h": 64
      },
      "rotated": false,
      "trimmed": true,
      "spriteSourceSize": {
        "x": 20,
        "y": 18,
        "w": 64,
        "h": 64
      },
      "sourceSize": {
        "w": 100,
        "h": 100
      },
      "pivot": {
        "x": 0.5,
        "y": 0.5
      }
    },
    "Ninja/White/1x/gamepad4.png": {
      "frame": {
        "x": 289,
        "y": 2004,
        "w": 39,
        "h": 37
      },
      "rotated": true,
      "trimmed": true,
      "spriteSourceSize": {
        "x": 6,
        "y": 8,
        "w": 39,
        "h": 37
      },
      "sourceSize": {
        "w": 50,
        "h": 50
      },
      "pivot": {
        "x": 0.5,
        "y": 0.5
      }
    },
    "Ninja/Black/1x/fastForward.png": {
      "frame": {
        "x": 330,
        "y": 2004,
        "w": 38,
        "h": 32
      },
      "rotated": true,
      "trimmed": true,
      "spriteSourceSize": {
        "x": 7,
        "y": 10,
        "w": 38,
        "h": 32
      },
      "sourceSize": {
        "w": 50,
        "h": 50
      },
      "pivot": {
        "x": 0.5,
        "y": 0.5
      }
    },
    "Ninja/Black/2x/buttonB.png": {
      "frame": {
        "x": 342,
        "y": 1936,
        "w": 64,
        "h": 64
      },
      "rotated": false,
      "trimmed": true,
      "spriteSourceSize": {
        "x": 20,
        "y": 18,
        "w": 64,
        "h": 64
      },
      "sourceSize": {
        "w": 100,
        "h": 100
      },
      "pivot": {
        "x": 0.5,
        "y": 0.5
      }
    },
    "png/Jump__002.png": {
      "frame": {
        "x": 347,
        "y": 1456,
        "w": 289,
        "h": 476
      },
      "rotated": false,
      "trimmed": true,
      "spriteSourceSize": {
        "x": 30,
        "y": 38,
        "w": 289,
        "h": 476
      },
      "sourceSize": {
        "w": 399,
        "h": 543
      },
      "pivot": {
        "x": 0.5,
        "y": 0.5
      }
    },
    "Ninja/Black/1x/rewind.png": {
      "frame": {
        "x": 366,
        "y": 2004,
        "w": 38,
        "h": 32
      },
      "rotated": true,
      "trimmed": true,
      "spriteSourceSize": {
        "x": 7,
        "y": 10,
        "w": 38,
        "h": 32
      },
      "sourceSize": {
        "w": 50,
        "h": 50
      },
      "pivot": {
        "x": 0.5,
        "y": 0.5
      }
    },
    "Ninja/Black/1x/unlocked.png": {
      "frame": {
        "x": 402,
        "y": 2004,
        "w": 32,
        "h": 38
      },
      "rotated": false,
      "trimmed": true,
      "spriteSourceSize": {
        "x": 10,
        "y": 7,
        "w": 32,
        "h": 38
      },
      "sourceSize": {
        "w": 50,
        "h": 50
      },
      "pivot": {
        "x": 0.5,
        "y": 0.5
      }
    },
    "Ninja/Black/2x/buttonX.png": {
      "frame": {
        "x": 410,
        "y": 1936,
        "w": 64,
        "h": 64
      },
      "rotated": false,
      "trimmed": true,
      "spriteSourceSize": {
        "x": 20,
        "y": 18,
        "w": 64,
        "h": 64
      },
      "sourceSize": {
        "w": 100,
        "h": 100
      },
      "pivot": {
        "x": 0.5,
        "y": 0.5
      }
    },
    "Ninja/White/1x/fastForward.png": {
      "frame": {
        "x": 438,
        "y": 2004,
        "w": 38,
        "h": 32
      },
      "rotated": true,
      "trimmed": true,
      "spriteSourceSize": {
        "x": 7,
        "y": 10,
        "w": 38,
        "h": 32
      },
      "sourceSize": {
        "w": 50,
        "h": 50
      },
      "pivot": {
        "x": 0.5,
        "y": 0.5
      }
    },
    "Ninja/White/1x/rewind.png": {
      "frame": {
        "x": 474,
        "y": 2004,
        "w": 38,
        "h": 32
      },
      "rotated": true,
      "trimmed": true,
      "spriteSourceSize": {
        "x": 7,
        "y": 10,
        "w": 38,
        "h": 32
      },
      "sourceSize": {
        "w": 50,
        "h": 50
      },
      "pivot": {
        "x": 0.5,
        "y": 0.5
      }
    },
    "Ninja/Black/2x/buttonY.png": {
      "frame": {
        "x": 478,
        "y": 1936,
        "w": 64,
        "h": 64
      },
      "rotated": false,
      "trimmed": true,
      "spriteSourceSize": {
        "x": 20,
        "y": 18,
        "w": 64,
        "h": 64
      },
      "sourceSize": {
        "w": 100,
        "h": 100
      },
      "pivot": {
        "x": 0.5,
        "y": 0.5
      }
    },
    "Ninja/White/1x/unlocked.png": {
      "frame": {
        "x": 510,
        "y": 2004,
        "w": 32,
        "h": 38
      },
      "rotated": false,
      "trimmed": true,
      "spriteSourceSize": {
        "x": 10,
        "y": 7,
        "w": 32,
        "h": 38
      },
      "sourceSize": {
        "w": 50,
        "h": 50
      },
      "pivot": {
        "x": 0.5,
        "y": 0.5
      }
    },
    "png/Dead__004.png": {
      "frame": {
        "x": 373,
        "y": 970,
        "w": 475,
        "h": 315
      },
      "rotated": true,
      "trimmed": true,
      "spriteSourceSize": {
        "x": 44,
        "y": 225,
        "w": 475,
        "h": 315
      },
      "sourceSize": {
        "w": 578,
        "h": 599
      },
      "pivot": {
        "x": 0.5,
        "y": 0.5
      }
    },
    "Ninja/Black/2x/cross.png": {
      "frame": {
        "x": 546,
        "y": 1936,
        "w": 64,
        "h": 64
      },
      "rotated": false,
      "trimmed": true,
      "spriteSourceSize": {
        "x": 18,
        "y": 20,
        "w": 64,
        "h": 64
      },
      "sourceSize": {
        "w": 100,
        "h": 100
      },
      "pivot": {
        "x": 0.5,
        "y": 0.5
      }
    },
    "Ninja/Black/1x/share2.png": {
      "frame": {
        "x": 546,
        "y": 2004,
        "w": 34,
        "h": 36
      },
      "rotated": false,
      "trimmed": true,
      "spriteSourceSize": {
        "x": 8,
        "y": 8,
        "w": 34,
        "h": 36
      },
      "sourceSize": {
        "w": 50,
        "h": 50
      },
      "pivot": {
        "x": 0.5,
        "y": 0.5
      }
    },
    "Ninja/White/1x/share2.png": {
      "frame": {
        "x": 584,
        "y": 2004,
        "w": 34,
        "h": 36
      },
      "rotated": false,
      "trimmed": true,
      "spriteSourceSize": {
        "x": 8,
        "y": 8,
        "w": 34,
        "h": 36
      },
      "sourceSize": {
        "w": 50,
        "h": 50
      },
      "pivot": {
        "x": 0.5,
        "y": 0.5
      }
    },
    "Ninja/Black/2x/export.png": {
      "frame": {
        "x": 614,
        "y": 1936,
        "w": 64,
        "h": 64
      },
      "rotated": false,
      "trimmed": true,
      "spriteSourceSize": {
        "x": 18,
        "y": 20,
        "w": 64,
        "h": 64
      },
      "sourceSize": {
        "w": 100,
        "h": 100
      },
      "pivot": {
        "x": 0.5,
        "y": 0.5
      }
    },
    "Ninja/Black/1x/barsHorizontal.png": {
      "frame": {
        "x": 622,
        "y": 2004,
        "w": 36,
        "h": 32
      },
      "rotated": true,
      "trimmed": true,
      "spriteSourceSize": {
        "x": 9,
        "y": 8,
        "w": 36,
        "h": 32
      },
      "sourceSize": {
        "w": 50,
        "h": 50
      },
      "pivot": {
        "x": 0.5,
        "y": 0.5
      }
    },
    "Ninja/White/1x/barsHorizontal.png": {
      "frame": {
        "x": 658,
        "y": 2004,
        "w": 36,
        "h": 32
      },
      "rotated": true,
      "trimmed": true,
      "spriteSourceSize": {
        "x": 9,
        "y": 8,
        "w": 36,
        "h": 32
      },
      "sourceSize": {
        "w": 50,
        "h": 50
      },
      "pivot": {
        "x": 0.5,
        "y": 0.5
      }
    },
    "png/Jump__003.png": {
      "frame": {
        "x": 640,
        "y": 1449,
        "w": 288,
        "h": 475
      },
      "rotated": false,
      "trimmed": true,
      "spriteSourceSize": {
        "x": 30,
        "y": 38,
        "w": 288,
        "h": 475
      },
      "sourceSize": {
        "w": 399,
        "h": 543
      },
      "pivot": {
        "x": 0.5,
        "y": 0.5
      }
    },
    "png/Attack__008.png": {
      "frame": {
        "x": 694,
        "y": 967,
        "w": 394,
        "h": 474
      },
      "rotated": false,
      "trimmed": true,
      "spriteSourceSize": {
        "x": 26,
        "y": 48,
        "w": 394,
        "h": 474
      },
      "sourceSize": {
        "w": 524,
        "h": 565
      },
      "pivot": {
        "x": 0.5,
        "y": 0.5
      }
    },
    "png/Jump__000.png": {
      "frame": {
        "x": 984,
        "y": 482,
        "w": 304,
        "h": 473
      },
      "rotated": false,
      "trimmed": true,
      "spriteSourceSize": {
        "x": 64,
        "y": 49,
        "w": 304,
        "h": 473
      },
      "sourceSize": {
        "w": 399,
        "h": 543
      },
      "pivot": {
        "x": 0.5,
        "y": 0.5
      }
    },
    "Ninja/Jump_Attack/Jump_Attack__004.png": {
      "frame": {
        "x": 1092,
        "y": 2,
        "w": 470,
        "h": 458
      },
      "rotated": true,
      "trimmed": true,
      "spriteSourceSize": {
        "x": 34,
        "y": 25,
        "w": 470,
        "h": 458
      },
      "sourceSize": {
        "w": 504,
        "h": 522
      },
      "pivot": {
        "x": 0.5,
        "y": 0.5
      }
    },
    "Ninja/White/1x/zoomDefault.png": {
      "frame": {
        "x": 1055,
        "y": 2,
        "w": 32,
        "h": 33
      },
      "rotated": true,
      "trimmed": true,
      "spriteSourceSize": {
        "x": 10,
        "y": 10,
        "w": 32,
        "h": 33
      },
      "sourceSize": {
        "w": 50,
        "h": 50
      },
      "pivot": {
        "x": 0.5,
        "y": 0.5
      }
    },
    "Ninja/White/1x/zoomIn.png": {
      "frame": {
        "x": 1055,
        "y": 38,
        "w": 32,
        "h": 33
      },
      "rotated": true,
      "trimmed": true,
      "spriteSourceSize": {
        "x": 10,
        "y": 10,
        "w": 32,
        "h": 33
      },
      "sourceSize": {
        "w": 50,
        "h": 50
      },
      "pivot": {
        "x": 0.5,
        "y": 0.5
      }
    },
    "Ninja/White/1x/zoomOut.png": {
      "frame": {
        "x": 1055,
        "y": 74,
        "w": 32,
        "h": 33
      },
      "rotated": true,
      "trimmed": true,
      "spriteSourceSize": {
        "x": 10,
        "y": 10,
        "w": 32,
        "h": 33
      },
      "sourceSize": {
        "w": 50,
        "h": 50
      },
      "pivot": {
        "x": 0.5,
        "y": 0.5
      }
    },
    "Ninja/Black/1x/audioOn.png": {
      "frame": {
        "x": 1055,
        "y": 110,
        "w": 32,
        "h": 32
      },
      "rotated": false,
      "trimmed": true,
      "spriteSourceSize": {
        "x": 9,
        "y": 10,
        "w": 32,
        "h": 32
      },
      "sourceSize": {
        "w": 50,
        "h": 50
      },
      "pivot": {
        "x": 0.5,
        "y": 0.5
      }
    },
    "Ninja/Black/1x/barsVertical.png": {
      "frame": {
        "x": 1055,
        "y": 146,
        "w": 32,
        "h": 32
      },
      "rotated": false,
      "trimmed": true,
      "spriteSourceSize": {
        "x": 9,
        "y": 8,
        "w": 32,
        "h": 32
      },
      "sourceSize": {
        "w": 50,
        "h": 50
      },
      "pivot": {
        "x": 0.5,
        "y": 0.5
      }
    },
    "Ninja/Black/1x/button1.png": {
      "frame": {
        "x": 1055,
        "y": 182,
        "w": 32,
        "h": 32
      },
      "rotated": false,
      "trimmed": true,
      "spriteSourceSize": {
        "x": 10,
        "y": 9,
        "w": 32,
        "h": 32
      },
      "sourceSize": {
        "w": 50,
        "h": 50
      },
      "pivot": {
        "x": 0.5,
        "y": 0.5
      }
    },
    "Ninja/Black/1x/button2.png": {
      "frame": {
        "x": 1055,
        "y": 218,
        "w": 32,
        "h": 32
      },
      "rotated": false,
      "trimmed": true,
      "spriteSourceSize": {
        "x": 10,
        "y": 9,
        "w": 32,
        "h": 32
      },
      "sourceSize": {
        "w": 50,
        "h": 50
      },
      "pivot": {
        "x": 0.5,
        "y": 0.5
      }
    },
    "Ninja/Black/1x/button3.png": {
      "frame": {
        "x": 1055,
        "y": 254,
        "w": 32,
        "h": 32
      },
      "rotated": false,
      "trimmed": true,
      "spriteSourceSize": {
        "x": 10,
        "y": 9,
        "w": 32,
        "h": 32
      },
      "sourceSize": {
        "w": 50,
        "h": 50
      },
      "pivot": {
        "x": 0.5,
        "y": 0.5
      }
    },
    "Ninja/Black/1x/buttonA.png": {
      "frame": {
        "x": 1055,
        "y": 290,
        "w": 32,
        "h": 32
      },
      "rotated": false,
      "trimmed": true,
      "spriteSourceSize": {
        "x": 10,
        "y": 9,
        "w": 32,
        "h": 32
      },
      "sourceSize": {
        "w": 50,
        "h": 50
      },
      "pivot": {
        "x": 0.5,
        "y": 0.5
      }
    },
    "Ninja/Black/1x/buttonB.png": {
      "frame": {
        "x": 1055,
        "y": 326,
        "w": 32,
        "h": 32
      },
      "rotated": false,
      "trimmed": true,
      "spriteSourceSize": {
        "x": 10,
        "y": 9,
        "w": 32,
        "h": 32
      },
      "sourceSize": {
        "w": 50,
        "h": 50
      },
      "pivot": {
        "x": 0.5,
        "y": 0.5
      }
    },
    "Ninja/Black/1x/buttonX.png": {
      "frame": {
        "x": 1055,
        "y": 362,
        "w": 32,
        "h": 32
      },
      "rotated": false,
      "trimmed": true,
      "spriteSourceSize": {
        "x": 10,
        "y": 9,
        "w": 32,
        "h": 32
      },
      "sourceSize": {
        "w": 50,
        "h": 50
      },
      "pivot": {
        "x": 0.5,
        "y": 0.5
      }
    },
    "Ninja/Black/1x/buttonY.png": {
      "frame": {
        "x": 1055,
        "y": 398,
        "w": 32,
        "h": 32
      },
      "rotated": false,
      "trimmed": true,
      "spriteSourceSize": {
        "x": 10,
        "y": 9,
        "w": 32,
        "h": 32
      },
      "sourceSize": {
        "w": 50,
        "h": 50
      },
      "pivot": {
        "x": 0.5,
        "y": 0.5
      }
    },
    "Ninja/Black/1x/cross.png": {
      "frame": {
        "x": 1055,
        "y": 434,
        "w": 32,
        "h": 32
      },
      "rotated": false,
      "trimmed": true,
      "spriteSourceSize": {
        "x": 9,
        "y": 10,
        "w": 32,
        "h": 32
      },
      "sourceSize": {
        "w": 50,
        "h": 50
      },
      "pivot": {
        "x": 0.5,
        "y": 0.5
      }
    },
    "Ninja/Black/2x/gear.png": {
      "frame": {
        "x": 682,
        "y": 1928,
        "w": 64,
        "h": 64
      },
      "rotated": false,
      "trimmed": true,
      "spriteSourceSize": {
        "x": 20,
        "y": 20,
        "w": 64,
        "h": 64
      },
      "sourceSize": {
        "w": 100,
        "h": 100
      },
      "pivot": {
        "x": 0.5,
        "y": 0.5
      }
    },
    "Ninja/Black/1x/power.png": {
      "frame": {
        "x": 694,
        "y": 1996,
        "w": 34,
        "h": 34
      },
      "rotated": false,
      "trimmed": true,
      "spriteSourceSize": {
        "x": 9,
        "y": 10,
        "w": 34,
        "h": 34
      },
      "sourceSize": {
        "w": 50,
        "h": 50
      },
      "pivot": {
        "x": 0.5,
        "y": 0.5
      }
    },
    "Ninja/White/1x/power.png": {
      "frame": {
        "x": 732,
        "y": 1996,
        "w": 34,
        "h": 34
      },
      "rotated": false,
      "trimmed": true,
      "spriteSourceSize": {
        "x": 9,
        "y": 10,
        "w": 34,
        "h": 34
      },
      "sourceSize": {
        "w": 50,
        "h": 50
      },
      "pivot": {
        "x": 0.5,
        "y": 0.5
      }
    },
    "Ninja/Black/2x/home.png": {
      "frame": {
        "x": 750,
        "y": 1928,
        "w": 64,
        "h": 64
      },
      "rotated": false,
      "trimmed": true,
      "spriteSourceSize": {
        "x": 20,
        "y": 18,
        "w": 64,
        "h": 64
      },
      "sourceSize": {
        "w": 100,
        "h": 100
      },
      "pivot": {
        "x": 0.5,
        "y": 0.5
      }
    },
    "Ninja/Black/1x/export.png": {
      "frame": {
        "x": 770,
        "y": 1996,
        "w": 32,
        "h": 32
      },
      "rotated": false,
      "trimmed": true,
      "spriteSourceSize": {
        "x": 9,
        "y": 10,
        "w": 32,
        "h": 32
      },
      "sourceSize": {
        "w": 50,
        "h": 50
      },
      "pivot": {
        "x": 0.5,
        "y": 0.5
      }
    },
    "Ninja/Black/1x/film.png": {
      "frame": {
        "x": 806,
        "y": 1996,
        "w": 32,
        "h": 32
      },
      "rotated": false,
      "trimmed": true,
      "spriteSourceSize": {
        "x": 9,
        "y": 10,
        "w": 32,
        "h": 32
      },
      "sourceSize": {
        "w": 50,
        "h": 50
      },
      "pivot": {
        "x": 0.5,
        "y": 0.5
      }
    },
    "Ninja/Black/2x/import.png": {
      "frame": {
        "x": 818,
        "y": 1928,
        "w": 64,
        "h": 64
      },
      "rotated": false,
      "trimmed": true,
      "spriteSourceSize": {
        "x": 18,
        "y": 20,
        "w": 64,
        "h": 64
      },
      "sourceSize": {
        "w": 100,
        "h": 100
      },
      "pivot": {
        "x": 0.5,
        "y": 0.5
      }
    },
    "Ninja/Black/1x/gear.png": {
      "frame": {
        "x": 842,
        "y": 1996,
        "w": 32,
        "h": 32
      },
      "rotated": false,
      "trimmed": true,
      "spriteSourceSize": {
        "x": 10,
        "y": 10,
        "w": 32,
        "h": 32
      },
      "sourceSize": {
        "w": 50,
        "h": 50
      },
      "pivot": {
        "x": 0.5,
        "y": 0.5
      }
    },
    "Ninja/Black/1x/home.png": {
      "frame": {
        "x": 878,
        "y": 1996,
        "w": 32,
        "h": 32
      },
      "rotated": false,
      "trimmed": true,
      "spriteSourceSize": {
        "x": 10,
        "y": 9,
        "w": 32,
        "h": 32
      },
      "sourceSize": {
        "w": 50,
        "h": 50
      },
      "pivot": {
        "x": 0.5,
        "y": 0.5
      }
    },
    "Ninja/Black/2x/joystick.png": {
      "frame": {
        "x": 886,
        "y": 1928,
        "w": 64,
        "h": 64
      },
      "rotated": false,
      "trimmed": true,
      "spriteSourceSize": {
        "x": 18,
        "y": 20,
        "w": 64,
        "h": 64
      },
      "sourceSize": {
        "w": 100,
        "h": 100
      },
      "pivot": {
        "x": 0.5,
        "y": 0.5
      }
    },
    "Platform/Objects/DoorLocked.png": {
      "frame": {
        "x": 932,
        "y": 1445,
        "w": 280,
        "h": 464
      },
      "rotated": false,
      "trimmed": false,
      "spriteSourceSize": {
        "x": 0,
        "y": 0,
        "w": 280,
        "h": 464
      },
      "sourceSize": {
        "w": 280,
        "h": 464
      },
      "pivot": {
        "x": 0.5,
        "y": 0.5
      }
    },
    "Platform/Objects/DoorOpen.png": {
      "frame": {
        "x": 1092,
        "y": 959,
        "w": 280,
        "h": 464
      },
      "rotated": false,
      "trimmed": false,
      "spriteSourceSize": {
        "x": 0,
        "y": 0,
        "w": 280,
        "h": 464
      },
      "sourceSize": {
        "w": 280,
        "h": 464
      },
      "pivot": {
        "x": 0.5,
        "y": 0.5
      }
    },
    "Ninja/Jump_Attack/Jump_Attack__008.png": {
      "frame": {
        "x": 1292,
        "y": 476,
        "w": 338,
        "h": 462
      },
      "rotated": false,
      "trimmed": true,
      "spriteSourceSize": {
        "x": 13,
        "y": 25,
        "w": 338,
        "h": 462
      },
      "sourceSize": {
        "w": 504,
        "h": 522
      },
      "pivot": {
        "x": 0.5,
        "y": 0.5
      }
    },
    "Ninja/Jump/Jump__008.png": {
      "frame": {
        "x": 1634,
        "y": 476,
        "w": 329,
        "h": 412
      },
      "rotated": true,
      "trimmed": true,
      "spriteSourceSize": {
        "x": 6,
        "y": 17,
        "w": 329,
        "h": 412
      },
      "sourceSize": {
        "w": 362,
        "h": 483
      },
      "pivot": {
        "x": 0.5,
        "y": 0.5
      }
    },
    "Ninja/Jump_Throw/Jump_Throw__009.png": {
      "frame": {
        "x": 1634,
        "y": 809,
        "w": 300,
        "h": 412
      },
      "rotated": true,
      "trimmed": true,
      "spriteSourceSize": {
        "x": 50,
        "y": 15,
        "w": 300,
        "h": 412
      },
      "sourceSize": {
        "w": 360,
        "h": 431
      },
      "pivot": {
        "x": 0.5,
        "y": 0.5
      }
    },
    "Ninja/Climb/Climb_001.png": {
      "frame": {
        "x": 1376,
        "y": 942,
        "w": 254,
        "h": 455
      },
      "rotated": false,
      "trimmed": true,
      "spriteSourceSize": {
        "x": 4,
        "y": 3,
        "w": 254,
        "h": 455
      },
      "sourceSize": {
        "w": 282,
        "h": 464
      },
      "pivot": {
        "x": 0.5,
        "y": 0.5
      }
    },
    "Ninja/Jump_Attack/Jump_Attack__000.png": {
      "frame": {
        "x": 1634,
        "y": 1113,
        "w": 296,
        "h": 412
      },
      "rotated": true,
      "trimmed": true,
      "spriteSourceSize": {
        "x": 34,
        "y": 17,
        "w": 296,
        "h": 412
      },
      "sourceSize": {
        "w": 504,
        "h": 522
      },
      "pivot": {
        "x": 0.5,
        "y": 0.5
      }
    },
    "Ninja/Climb/Climb_009.png": {
      "frame": {
        "x": 1376,
        "y": 1401,
        "w": 254,
        "h": 455
      },
      "rotated": false,
      "trimmed": true,
      "spriteSourceSize": {
        "x": 4,
        "y": 3,
        "w": 254,
        "h": 455
      },
      "sourceSize": {
        "w": 282,
        "h": 464
      },
      "pivot": {
        "x": 0.5,
        "y": 0.5
      }
    },
    "Ninja/Glide/Glide_000.png": {
      "frame": {
        "x": 1634,
        "y": 1413,
        "w": 411,
        "h": 430
      },
      "rotated": false,
      "trimmed": true,
      "spriteSourceSize": {
        "x": 2,
        "y": 19,
        "w": 411,
        "h": 430
      },
      "sourceSize": {
        "w": 443,
        "h": 454
      },
      "pivot": {
        "x": 0.5,
        "y": 0.5
      }
    },
    "png/Dead__001.png": {
      "frame": {
        "x": 1554,
        "y": 2,
        "w": 322,
        "h": 462
      },
      "rotated": false,
      "trimmed": true,
      "spriteSourceSize": {
        "x": 36,
        "y": 75,
        "w": 322,
        "h": 462
      },
      "sourceSize": {
        "w": 578,
        "h": 599
      },
      "pivot": {
        "x": 0.5,
        "y": 0.5
      }
    },
    "Ninja/Black/1x/import.png": {
      "frame": {
        "x": 914,
        "y": 1996,
        "w": 32,
        "h": 32
      },
      "rotated": false,
      "trimmed": true,
      "spriteSourceSize": {
        "x": 9,
        "y": 10,
        "w": 32,
        "h": 32
      },
      "sourceSize": {
        "w": 50,
        "h": 50
      },
      "pivot": {
        "x": 0.5,
        "y": 0.5
      }
    },
    "Ninja/Black/1x/joystick.png": {
      "frame": {
        "x": 950,
        "y": 1996,
        "w": 32,
        "h": 32
      },
      "rotated": false,
      "trimmed": true,
      "spriteSourceSize": {
        "x": 9,
        "y": 10,
        "w": 32,
        "h": 32
      },
      "sourceSize": {
        "w": 50,
        "h": 50
      },
      "pivot": {
        "x": 0.5,
        "y": 0.5
      }
    },
    "Ninja/Black/2x/locked.png": {
      "frame": {
        "x": 954,
        "y": 1913,
        "w": 64,
        "h": 64
      },
      "rotated": false,
      "trimmed": true,
      "spriteSourceSize": {
        "x": 20,
        "y": 20,
        "w": 64,
        "h": 64
      },
      "sourceSize": {
        "w": 100,
        "h": 100
      },
      "pivot": {
        "x": 0.5,
        "y": 0.5
      }
    },
    "Ninja/Black/2x/menuGrid.png": {
      "frame": {
        "x": 986,
        "y": 1981,
        "w": 64,
        "h": 64
      },
      "rotated": false,
      "trimmed": true,
      "spriteSourceSize": {
        "x": 18,
        "y": 16,
        "w": 64,
        "h": 64
      },
      "sourceSize": {
        "w": 100,
        "h": 100
      },
      "pivot": {
        "x": 0.5,
        "y": 0.5
      }
    },
    "Ninja/Black/2x/menuList.png": {
      "frame": {
        "x": 1022,
        "y": 1913,
        "w": 64,
        "h": 64
      },
      "rotated": false,
      "trimmed": true,
      "spriteSourceSize": {
        "x": 18,
        "y": 16,
        "w": 64,
        "h": 64
      },
      "sourceSize": {
        "w": 100,
        "h": 100
      },
      "pivot": {
        "x": 0.5,
        "y": 0.5
      }
    },
    "Ninja/Black/2x/movie.png": {
      "frame": {
        "x": 1090,
        "y": 1913,
        "w": 64,
        "h": 64
      },
      "rotated": false,
      "trimmed": true,
      "spriteSourceSize": {
        "x": 18,
        "y": 20,
        "w": 64,
        "h": 64
      },
      "sourceSize": {
        "w": 100,
        "h": 100
      },
      "pivot": {
        "x": 0.5,
        "y": 0.5
      }
    },
    "Ninja/Black/2x/open.png": {
      "frame": {
        "x": 1054,
        "y": 1981,
        "w": 64,
        "h": 64
      },
      "rotated": false,
      "trimmed": true,
      "spriteSourceSize": {
        "x": 20,
        "y": 20,
        "w": 64,
        "h": 64
      },
      "sourceSize": {
        "w": 100,
        "h": 100
      },
      "pivot": {
        "x": 0.5,
        "y": 0.5
      }
    },
    "Ninja/Black/2x/plus.png": {
      "frame": {
        "x": 1122,
        "y": 1981,
        "w": 64,
        "h": 64
      },
      "rotated": false,
      "trimmed": true,
      "spriteSourceSize": {
        "x": 20,
        "y": 20,
        "w": 64,
        "h": 64
      },
      "sourceSize": {
        "w": 100,
        "h": 100
      },
      "pivot": {
        "x": 0.5,
        "y": 0.5
      }
    },
    "Ninja/Black/2x/save.png": {
      "frame": {
        "x": 1158,
        "y": 1913,
        "w": 64,
        "h": 64
      },
      "rotated": false,
      "trimmed": true,
      "spriteSourceSize": {
        "x": 18,
        "y": 20,
        "w": 64,
        "h": 64
      },
      "sourceSize": {
        "w": 100,
        "h": 100
      },
      "pivot": {
        "x": 0.5,
        "y": 0.5
      }
    },
    "Ninja/Black/2x/signal3.png": {
      "frame": {
        "x": 1190,
        "y": 1981,
        "w": 64,
        "h": 64
      },
      "rotated": false,
      "trimmed": true,
      "spriteSourceSize": {
        "x": 18,
        "y": 20,
        "w": 64,
        "h": 64
      },
      "sourceSize": {
        "w": 100,
        "h": 100
      },
      "pivot": {
        "x": 0.5,
        "y": 0.5
      }
    },
    "Ninja/Black/1x/larger.png": {
      "frame": {
        "x": 1216,
        "y": 1860,
        "w": 32,
        "h": 32
      },
      "rotated": false,
      "trimmed": true,
      "spriteSourceSize": {
        "x": 10,
        "y": 10,
        "w": 32,
        "h": 32
      },
      "sourceSize": {
        "w": 50,
        "h": 50
      },
      "pivot": {
        "x": 0.5,
        "y": 0.5
      }
    },
    "Ninja/Black/2x/wrench.png": {
      "frame": {
        "x": 1226,
        "y": 1896,
        "w": 64,
        "h": 64
      },
      "rotated": false,
      "trimmed": true,
      "spriteSourceSize": {
        "x": 20,
        "y": 20,
        "w": 64,
        "h": 64
      },
      "sourceSize": {
        "w": 100,
        "h": 100
      },
      "pivot": {
        "x": 0.5,
        "y": 0.5
      }
    },
    "Ninja/Black/1x/locked.png": {
      "frame": {
        "x": 1252,
        "y": 1860,
        "w": 32,
        "h": 32
      },
      "rotated": false,
      "trimmed": true,
      "spriteSourceSize": {
        "x": 10,
        "y": 10,
        "w": 32,
        "h": 32
      },
      "sourceSize": {
        "w": 50,
        "h": 50
      },
      "pivot": {
        "x": 0.5,
        "y": 0.5
      }
    },
    "Ninja/Black/1x/menuGrid.png": {
      "frame": {
        "x": 1288,
        "y": 1860,
        "w": 32,
        "h": 32
      },
      "rotated": false,
      "trimmed": true,
      "spriteSourceSize": {
        "x": 9,
        "y": 8,
        "w": 32,
        "h": 32
      },
      "sourceSize": {
        "w": 50,
        "h": 50
      },
      "pivot": {
        "x": 0.5,
        "y": 0.5
      }
    },
    "Ninja/Black/1x/menuList.png": {
      "frame": {
        "x": 1324,
        "y": 1427,
        "w": 32,
        "h": 32
      },
      "rotated": false,
      "trimmed": true,
      "spriteSourceSize": {
        "x": 9,
        "y": 8,
        "w": 32,
        "h": 32
      },
      "sourceSize": {
        "w": 50,
        "h": 50
      },
      "pivot": {
        "x": 0.5,
        "y": 0.5
      }
    },
    "Ninja/Black/1x/open.png": {
      "frame": {
        "x": 1324,
        "y": 1463,
        "w": 32,
        "h": 32
      },
      "rotated": false,
      "trimmed": true,
      "spriteSourceSize": {
        "x": 10,
        "y": 10,
        "w": 32,
        "h": 32
      },
      "sourceSize": {
        "w": 50,
        "h": 50
      },
      "pivot": {
        "x": 0.5,
        "y": 0.5
      }
    },
    "Ninja/Black/1x/plus.png": {
      "frame": {
        "x": 1324,
        "y": 1499,
        "w": 32,
        "h": 32
      },
      "rotated": false,
      "trimmed": true,
      "spriteSourceSize": {
        "x": 10,
        "y": 10,
        "w": 32,
        "h": 32
      },
      "sourceSize": {
        "w": 50,
        "h": 50
      },
      "pivot": {
        "x": 0.5,
        "y": 0.5
      }
    },
    "Ninja/Black/1x/save.png": {
      "frame": {
        "x": 1324,
        "y": 1535,
        "w": 32,
        "h": 32
      },
      "rotated": false,
      "trimmed": true,
      "spriteSourceSize": {
        "x": 9,
        "y": 10,
        "w": 32,
        "h": 32
      },
      "sourceSize": {
        "w": 50,
        "h": 50
      },
      "pivot": {
        "x": 0.5,
        "y": 0.5
      }
    },
    "Ninja/Black/1x/signal3.png": {
      "frame": {
        "x": 1324,
        "y": 1571,
        "w": 32,
        "h": 32
      },
      "rotated": false,
      "trimmed": true,
      "spriteSourceSize": {
        "x": 9,
        "y": 10,
        "w": 32,
        "h": 32
      },
      "sourceSize": {
        "w": 50,
        "h": 50
      },
      "pivot": {
        "x": 0.5,
        "y": 0.5
      }
    },
    "Ninja/Black/1x/smaller.png": {
      "frame": {
        "x": 1324,
        "y": 1607,
        "w": 32,
        "h": 32
      },
      "rotated": false,
      "trimmed": true,
      "spriteSourceSize": {
        "x": 10,
        "y": 10,
        "w": 32,
        "h": 32
      },
      "sourceSize": {
        "w": 50,
        "h": 50
      },
      "pivot": {
        "x": 0.5,
        "y": 0.5
      }
    },
    "Ninja/Black/1x/target.png": {
      "frame": {
        "x": 1324,
        "y": 1643,
        "w": 32,
        "h": 32
      },
      "rotated": false,
      "trimmed": true,
      "spriteSourceSize": {
        "x": 10,
        "y": 10,
        "w": 32,
        "h": 32
      },
      "sourceSize": {
        "w": 50,
        "h": 50
      },
      "pivot": {
        "x": 0.5,
        "y": 0.5
      }
    },
    "Ninja/Black/1x/wrench.png": {
      "frame": {
        "x": 1324,
        "y": 1679,
        "w": 32,
        "h": 32
      },
      "rotated": false,
      "trimmed": true,
      "spriteSourceSize": {
        "x": 10,
        "y": 10,
        "w": 32,
        "h": 32
      },
      "sourceSize": {
        "w": 50,
        "h": 50
      },
      "pivot": {
        "x": 0.5,
        "y": 0.5
      }
    },
    "Ninja/White/1x/audioOn.png": {
      "frame": {
        "x": 1324,
        "y": 1715,
        "w": 32,
        "h": 32
      },
      "rotated": false,
      "trimmed": true,
      "spriteSourceSize": {
        "x": 9,
        "y": 10,
        "w": 32,
        "h": 32
      },
      "sourceSize": {
        "w": 50,
        "h": 50
      },
      "pivot": {
        "x": 0.5,
        "y": 0.5
      }
    },
    "Ninja/White/1x/barsVertical.png": {
      "frame": {
        "x": 1324,
        "y": 1751,
        "w": 32,
        "h": 32
      },
      "rotated": false,
      "trimmed": true,
      "spriteSourceSize": {
        "x": 9,
        "y": 8,
        "w": 32,
        "h": 32
      },
      "sourceSize": {
        "w": 50,
        "h": 50
      },
      "pivot": {
        "x": 0.5,
        "y": 0.5
      }
    },
    "Ninja/White/2x/barsVertical.png": {
      "frame": {
        "x": 1216,
        "y": 1787,
        "w": 64,
        "h": 64
      },
      "rotated": false,
      "trimmed": true,
      "spriteSourceSize": {
        "x": 18,
        "y": 16,
        "w": 64,
        "h": 64
      },
      "sourceSize": {
        "w": 100,
        "h": 100
      },
      "pivot": {
        "x": 0.5,
        "y": 0.5
      }
    },
    "Ninja/White/1x/button1.png": {
      "frame": {
        "x": 1284,
        "y": 1427,
        "w": 32,
        "h": 32
      },
      "rotated": false,
      "trimmed": true,
      "spriteSourceSize": {
        "x": 10,
        "y": 9,
        "w": 32,
        "h": 32
      },
      "sourceSize": {
        "w": 50,
        "h": 50
      },
      "pivot": {
        "x": 0.5,
        "y": 0.5
      }
    },
    "Ninja/White/2x/button1.png": {
      "frame": {
        "x": 1216,
        "y": 1427,
        "w": 64,
        "h": 64
      },
      "rotated": false,
      "trimmed": true,
      "spriteSourceSize": {
        "x": 20,
        "y": 18,
        "w": 64,
        "h": 64
      },
      "sourceSize": {
        "w": 100,
        "h": 100
      },
      "pivot": {
        "x": 0.5,
        "y": 0.5
      }
    },
    "Ninja/White/1x/button2.png": {
      "frame": {
        "x": 1284,
        "y": 1463,
        "w": 32,
        "h": 32
      },
      "rotated": false,
      "trimmed": true,
      "spriteSourceSize": {
        "x": 10,
        "y": 9,
        "w": 32,
        "h": 32
      },
      "sourceSize": {
        "w": 50,
        "h": 50
      },
      "pivot": {
        "x": 0.5,
        "y": 0.5
      }
    },
    "Ninja/White/2x/button2.png": {
      "frame": {
        "x": 1216,
        "y": 1495,
        "w": 64,
        "h": 64
      },
      "rotated": false,
      "trimmed": true,
      "spriteSourceSize": {
        "x": 20,
        "y": 18,
        "w": 64,
        "h": 64
      },
      "sourceSize": {
        "w": 100,
        "h": 100
      },
      "pivot": {
        "x": 0.5,
        "y": 0.5
      }
    },
    "Ninja/White/1x/button3.png": {
      "frame": {
        "x": 1284,
        "y": 1499,
        "w": 32,
        "h": 32
      },
      "rotated": false,
      "trimmed": true,
      "spriteSourceSize": {
        "x": 10,
        "y": 9,
        "w": 32,
        "h": 32
      },
      "sourceSize": {
        "w": 50,
        "h": 50
      },
      "pivot": {
        "x": 0.5,
        "y": 0.5
      }
    },
    "Ninja/White/1x/buttonA.png": {
      "frame": {
        "x": 1284,
        "y": 1535,
        "w": 32,
        "h": 32
      },
      "rotated": false,
      "trimmed": true,
      "spriteSourceSize": {
        "x": 10,
        "y": 9,
        "w": 32,
        "h": 32
      },
      "sourceSize": {
        "w": 50,
        "h": 50
      },
      "pivot": {
        "x": 0.5,
        "y": 0.5
      }
    },
    "Ninja/White/2x/button3.png": {
      "frame": {
        "x": 1216,
        "y": 1563,
        "w": 64,
        "h": 64
      },
      "rotated": false,
      "trimmed": true,
      "spriteSourceSize": {
        "x": 20,
        "y": 18,
        "w": 64,
        "h": 64
      },
      "sourceSize": {
        "w": 100,
        "h": 100
      },
      "pivot": {
        "x": 0.5,
        "y": 0.5
      }
    },
    "Ninja/White/1x/buttonB.png": {
      "frame": {
        "x": 1284,
        "y": 1571,
        "w": 32,
        "h": 32
      },
      "rotated": false,
      "trimmed": true,
      "spriteSourceSize": {
        "x": 10,
        "y": 9,
        "w": 32,
        "h": 32
      },
      "sourceSize": {
        "w": 50,
        "h": 50
      },
      "pivot": {
        "x": 0.5,
        "y": 0.5
      }
    },
    "Ninja/White/1x/buttonX.png": {
      "frame": {
        "x": 1284,
        "y": 1607,
        "w": 32,
        "h": 32
      },
      "rotated": false,
      "trimmed": true,
      "spriteSourceSize": {
        "x": 10,
        "y": 9,
        "w": 32,
        "h": 32
      },
      "sourceSize": {
        "w": 50,
        "h": 50
      },
      "pivot": {
        "x": 0.5,
        "y": 0.5
      }
    },
    "Ninja/White/2x/buttonA.png": {
      "frame": {
        "x": 1216,
        "y": 1631,
        "w": 64,
        "h": 64
      },
      "rotated": false,
      "trimmed": true,
      "spriteSourceSize": {
        "x": 20,
        "y": 18,
        "w": 64,
        "h": 64
      },
      "sourceSize": {
        "w": 100,
        "h": 100
      },
      "pivot": {
        "x": 0.5,
        "y": 0.5
      }
    },
    "Ninja/White/1x/buttonY.png": {
      "frame": {
        "x": 1284,
        "y": 1643,
        "w": 32,
        "h": 32
      },
      "rotated": false,
      "trimmed": true,
      "spriteSourceSize": {
        "x": 10,
        "y": 9,
        "w": 32,
        "h": 32
      },
      "sourceSize": {
        "w": 50,
        "h": 50
      },
      "pivot": {
        "x": 0.5,
        "y": 0.5
      }
    },
    "Ninja/White/1x/cross.png": {
      "frame": {
        "x": 1284,
        "y": 1679,
        "w": 32,
        "h": 32
      },
      "rotated": false,
      "trimmed": true,
      "spriteSourceSize": {
        "x": 9,
        "y": 10,
        "w": 32,
        "h": 32
      },
      "sourceSize": {
        "w": 50,
        "h": 50
      },
      "pivot": {
        "x": 0.5,
        "y": 0.5
      }
    },
    "Ninja/White/2x/buttonB.png": {
      "frame": {
        "x": 1216,
        "y": 1699,
        "w": 64,
        "h": 64
      },
      "rotated": false,
      "trimmed": true,
      "spriteSourceSize": {
        "x": 20,
        "y": 18,
        "w": 64,
        "h": 64
      },
      "sourceSize": {
        "w": 100,
        "h": 100
      },
      "pivot": {
        "x": 0.5,
        "y": 0.5
      }
    },
    "Ninja/White/1x/export.png": {
      "frame": {
        "x": 1284,
        "y": 1715,
        "w": 32,
        "h": 32
      },
      "rotated": false,
      "trimmed": true,
      "spriteSourceSize": {
        "x": 9,
        "y": 10,
        "w": 32,
        "h": 32
      },
      "sourceSize": {
        "w": 50,
        "h": 50
      },
      "pivot": {
        "x": 0.5,
        "y": 0.5
      }
    },
    "Ninja/White/1x/film.png": {
      "frame": {
        "x": 1284,
        "y": 1751,
        "w": 32,
        "h": 32
      },
      "rotated": false,
      "trimmed": true,
      "spriteSourceSize": {
        "x": 9,
        "y": 10,
        "w": 32,
        "h": 32
      },
      "sourceSize": {
        "w": 50,
        "h": 50
      },
      "pivot": {
        "x": 0.5,
        "y": 0.5
      }
    },
    "Ninja/White/2x/buttonX.png": {
      "frame": {
        "x": 1284,
        "y": 1787,
        "w": 64,
        "h": 64
      },
      "rotated": false,
      "trimmed": true,
      "spriteSourceSize": {
        "x": 20,
        "y": 18,
        "w": 64,
        "h": 64
      },
      "sourceSize": {
        "w": 100,
        "h": 100
      },
      "pivot": {
        "x": 0.5,
        "y": 0.5
      }
    },
    "Ninja/White/1x/gear.png": {
      "frame": {
        "x": 1324,
        "y": 1855,
        "w": 32,
        "h": 32
      },
      "rotated": false,
      "trimmed": true,
      "spriteSourceSize": {
        "x": 10,
        "y": 10,
        "w": 32,
        "h": 32
      },
      "sourceSize": {
        "w": 50,
        "h": 50
      },
      "pivot": {
        "x": 0.5,
        "y": 0.5
      }
    },
    "Ninja/White/2x/buttonY.png": {
      "frame": {
        "x": 1258,
        "y": 1964,
        "w": 64,
        "h": 64
      },
      "rotated": false,
      "trimmed": true,
      "spriteSourceSize": {
        "x": 20,
        "y": 18,
        "w": 64,
        "h": 64
      },
      "sourceSize": {
        "w": 100,
        "h": 100
      },
      "pivot": {
        "x": 0.5,
        "y": 0.5
      }
    },
    "Ninja/White/2x/cross.png": {
      "frame": {
        "x": 1294,
        "y": 1896,
        "w": 64,
        "h": 64
      },
      "rotated": false,
      "trimmed": true,
      "spriteSourceSize": {
        "x": 18,
        "y": 20,
        "w": 64,
        "h": 64
      },
      "sourceSize": {
        "w": 100,
        "h": 100
      },
      "pivot": {
        "x": 0.5,
        "y": 0.5
      }
    },
    "Ninja/White/1x/home.png": {
      "frame": {
        "x": 1360,
        "y": 1860,
        "w": 32,
        "h": 32
      },
      "rotated": false,
      "trimmed": true,
      "spriteSourceSize": {
        "x": 10,
        "y": 9,
        "w": 32,
        "h": 32
      },
      "sourceSize": {
        "w": 50,
        "h": 50
      },
      "pivot": {
        "x": 0.5,
        "y": 0.5
      }
    },
    "Ninja/White/1x/import.png": {
      "frame": {
        "x": 1396,
        "y": 1860,
        "w": 32,
        "h": 32
      },
      "rotated": false,
      "trimmed": true,
      "spriteSourceSize": {
        "x": 9,
        "y": 10,
        "w": 32,
        "h": 32
      },
      "sourceSize": {
        "w": 50,
        "h": 50
      },
      "pivot": {
        "x": 0.5,
        "y": 0.5
      }
    },
    "Ninja/White/2x/export.png": {
      "frame": {
        "x": 1326,
        "y": 1964,
        "w": 64,
        "h": 64
      },
      "rotated": false,
      "trimmed": true,
      "spriteSourceSize": {
        "x": 18,
        "y": 20,
        "w": 64,
        "h": 64
      },
      "sourceSize": {
        "w": 100,
        "h": 100
      },
      "pivot": {
        "x": 0.5,
        "y": 0.5
      }
    },
    "Ninja/White/2x/gear.png": {
      "frame": {
        "x": 1362,
        "y": 1896,
        "w": 64,
        "h": 64
      },
      "rotated": false,
      "trimmed": true,
      "spriteSourceSize": {
        "x": 20,
        "y": 20,
        "w": 64,
        "h": 64
      },
      "sourceSize": {
        "w": 100,
        "h": 100
      },
      "pivot": {
        "x": 0.5,
        "y": 0.5
      }
    },
    "Ninja/White/2x/home.png": {
      "frame": {
        "x": 1394,
        "y": 1964,
        "w": 64,
        "h": 64
      },
      "rotated": false,
      "trimmed": true,
      "spriteSourceSize": {
        "x": 20,
        "y": 18,
        "w": 64,
        "h": 64
      },
      "sourceSize": {
        "w": 100,
        "h": 100
      },
      "pivot": {
        "x": 0.5,
        "y": 0.5
      }
    },
    "Ninja/White/2x/import.png": {
      "frame": {
        "x": 1430,
        "y": 1896,
        "w": 64,
        "h": 64
      },
      "rotated": false,
      "trimmed": true,
      "spriteSourceSize": {
        "x": 18,
        "y": 20,
        "w": 64,
        "h": 64
      },
      "sourceSize": {
        "w": 100,
        "h": 100
      },
      "pivot": {
        "x": 0.5,
        "y": 0.5
      }
    },
    "Ninja/White/1x/joystick.png": {
      "frame": {
        "x": 1432,
        "y": 1860,
        "w": 32,
        "h": 32
      },
      "rotated": false,
      "trimmed": true,
      "spriteSourceSize": {
        "x": 9,
        "y": 10,
        "w": 32,
        "h": 32
      },
      "sourceSize": {
        "w": 50,
        "h": 50
      },
      "pivot": {
        "x": 0.5,
        "y": 0.5
      }
    },
    "Ninja/White/1x/larger.png": {
      "frame": {
        "x": 1468,
        "y": 1860,
        "w": 32,
        "h": 32
      },
      "rotated": false,
      "trimmed": true,
      "spriteSourceSize": {
        "x": 10,
        "y": 10,
        "w": 32,
        "h": 32
      },
      "sourceSize": {
        "w": 50,
        "h": 50
      },
      "pivot": {
        "x": 0.5,
        "y": 0.5
      }
    },
    "Ninja/White/2x/joystick.png": {
      "frame": {
        "x": 1462,
        "y": 1964,
        "w": 64,
        "h": 64
      },
      "rotated": false,
      "trimmed": true,
      "spriteSourceSize": {
        "x": 18,
        "y": 20,
        "w": 64,
        "h": 64
      },
      "sourceSize": {
        "w": 100,
        "h": 100
      },
      "pivot": {
        "x": 0.5,
        "y": 0.5
      }
    },
    "Ninja/White/2x/locked.png": {
      "frame": {
        "x": 1498,
        "y": 1896,
        "w": 64,
        "h": 64
      },
      "rotated": false,
      "trimmed": true,
      "spriteSourceSize": {
        "x": 20,
        "y": 20,
        "w": 64,
        "h": 64
      },
      "sourceSize": {
        "w": 100,
        "h": 100
      },
      "pivot": {
        "x": 0.5,
        "y": 0.5
      }
    },
    "Ninja/White/1x/locked.png": {
      "frame": {
        "x": 1530,
        "y": 1860,
        "w": 32,
        "h": 32
      },
      "rotated": false,
      "trimmed": true,
      "spriteSourceSize": {
        "x": 10,
        "y": 10,
        "w": 32,
        "h": 32
      },
      "sourceSize": {
        "w": 50,
        "h": 50
      },
      "pivot": {
        "x": 0.5,
        "y": 0.5
      }
    },
    "Ninja/White/1x/menuGrid.png": {
      "frame": {
        "x": 1566,
        "y": 1860,
        "w": 32,
        "h": 32
      },
      "rotated": false,
      "trimmed": true,
      "spriteSourceSize": {
        "x": 9,
        "y": 8,
        "w": 32,
        "h": 32
      },
      "sourceSize": {
        "w": 50,
        "h": 50
      },
      "pivot": {
        "x": 0.5,
        "y": 0.5
      }
    },
    "Ninja/White/2x/menuGrid.png": {
      "frame": {
        "x": 1530,
        "y": 1964,
        "w": 64,
        "h": 64
      },
      "rotated": false,
      "trimmed": true,
      "spriteSourceSize": {
        "x": 18,
        "y": 16,
        "w": 64,
        "h": 64
      },
      "sourceSize": {
        "w": 100,
        "h": 100
      },
      "pivot": {
        "x": 0.5,
        "y": 0.5
      }
    },
    "Ninja/White/2x/menuList.png": {
      "frame": {
        "x": 1566,
        "y": 1896,
        "w": 64,
        "h": 64
      },
      "rotated": false,
      "trimmed": true,
      "spriteSourceSize": {
        "x": 18,
        "y": 16,
        "w": 64,
        "h": 64
      },
      "sourceSize": {
        "w": 100,
        "h": 100
      },
      "pivot": {
        "x": 0.5,
        "y": 0.5
      }
    },
    "Ninja/White/2x/movie.png": {
      "frame": {
        "x": 1634,
        "y": 1896,
        "w": 64,
        "h": 64
      },
      "rotated": false,
      "trimmed": true,
      "spriteSourceSize": {
        "x": 18,
        "y": 20,
        "w": 64,
        "h": 64
      },
      "sourceSize": {
        "w": 100,
        "h": 100
      },
      "pivot": {
        "x": 0.5,
        "y": 0.5
      }
    },
    "Ninja/White/1x/menuList.png": {
      "frame": {
        "x": 1602,
        "y": 1860,
        "w": 32,
        "h": 32
      },
      "rotated": false,
      "trimmed": true,
      "spriteSourceSize": {
        "x": 9,
        "y": 8,
        "w": 32,
        "h": 32
      },
      "sourceSize": {
        "w": 50,
        "h": 50
      },
      "pivot": {
        "x": 0.5,
        "y": 0.5
      }
    },
    "Ninja/White/1x/open.png": {
      "frame": {
        "x": 1638,
        "y": 1847,
        "w": 32,
        "h": 32
      },
      "rotated": false,
      "trimmed": true,
      "spriteSourceSize": {
        "x": 10,
        "y": 10,
        "w": 32,
        "h": 32
      },
      "sourceSize": {
        "w": 50,
        "h": 50
      },
      "pivot": {
        "x": 0.5,
        "y": 0.5
      }
    },
    "Ninja/White/1x/plus.png": {
      "frame": {
        "x": 1674,
        "y": 1847,
        "w": 32,
        "h": 32
      },
      "rotated": false,
      "trimmed": true,
      "spriteSourceSize": {
        "x": 10,
        "y": 10,
        "w": 32,
        "h": 32
      },
      "sourceSize": {
        "w": 50,
        "h": 50
      },
      "pivot": {
        "x": 0.5,
        "y": 0.5
      }
    },
    "Ninja/White/2x/open.png": {
      "frame": {
        "x": 1598,
        "y": 1964,
        "w": 64,
        "h": 64
      },
      "rotated": false,
      "trimmed": true,
      "spriteSourceSize": {
        "x": 20,
        "y": 20,
        "w": 64,
        "h": 64
      },
      "sourceSize": {
        "w": 100,
        "h": 100
      },
      "pivot": {
        "x": 0.5,
        "y": 0.5
      }
    },
    "Ninja/White/2x/plus.png": {
      "frame": {
        "x": 1666,
        "y": 1964,
        "w": 64,
        "h": 64
      },
      "rotated": false,
      "trimmed": true,
      "spriteSourceSize": {
        "x": 20,
        "y": 20,
        "w": 64,
        "h": 64
      },
      "sourceSize": {
        "w": 100,
        "h": 100
      },
      "pivot": {
        "x": 0.5,
        "y": 0.5
      }
    },
    "Ninja/White/2x/save.png": {
      "frame": {
        "x": 1702,
        "y": 1883,
        "w": 64,
        "h": 64
      },
      "rotated": false,
      "trimmed": true,
      "spriteSourceSize": {
        "x": 18,
        "y": 20,
        "w": 64,
        "h": 64
      },
      "sourceSize": {
        "w": 100,
        "h": 100
      },
      "pivot": {
        "x": 0.5,
        "y": 0.5
      }
    },
    "Ninja/White/1x/save.png": {
      "frame": {
        "x": 1734,
        "y": 1847,
        "w": 32,
        "h": 32
      },
      "rotated": false,
      "trimmed": true,
      "spriteSourceSize": {
        "x": 9,
        "y": 10,
        "w": 32,
        "h": 32
      },
      "sourceSize": {
        "w": 50,
        "h": 50
      },
      "pivot": {
        "x": 0.5,
        "y": 0.5
      }
    },
    "Ninja/White/1x/signal3.png": {
      "frame": {
        "x": 1770,
        "y": 1847,
        "w": 32,
        "h": 32
      },
      "rotated": false,
      "trimmed": true,
      "spriteSourceSize": {
        "x": 9,
        "y": 10,
        "w": 32,
        "h": 32
      },
      "sourceSize": {
        "w": 50,
        "h": 50
      },
      "pivot": {
        "x": 0.5,
        "y": 0.5
      }
    },
    "Ninja/White/2x/signal3.png": {
      "frame": {
        "x": 1734,
        "y": 1951,
        "w": 64,
        "h": 64
      },
      "rotated": false,
      "trimmed": true,
      "spriteSourceSize": {
        "x": 18,
        "y": 20,
        "w": 64,
        "h": 64
      },
      "sourceSize": {
        "w": 100,
        "h": 100
      },
      "pivot": {
        "x": 0.5,
        "y": 0.5
      }
    },
    "Ninja/White/2x/wrench.png": {
      "frame": {
        "x": 1770,
        "y": 1883,
        "w": 64,
        "h": 64
      },
      "rotated": false,
      "trimmed": true,
      "spriteSourceSize": {
        "x": 20,
        "y": 20,
        "w": 64,
        "h": 64
      },
      "sourceSize": {
        "w": 100,
        "h": 100
      },
      "pivot": {
        "x": 0.5,
        "y": 0.5
      }
    },
    "Ninja/White/1x/smaller.png": {
      "frame": {
        "x": 1806,
        "y": 1847,
        "w": 32,
        "h": 32
      },
      "rotated": false,
      "trimmed": true,
      "spriteSourceSize": {
        "x": 10,
        "y": 10,
        "w": 32,
        "h": 32
      },
      "sourceSize": {
        "w": 50,
        "h": 50
      },
      "pivot": {
        "x": 0.5,
        "y": 0.5
      }
    },
    "Ninja/White/1x/target.png": {
      "frame": {
        "x": 1842,
        "y": 1847,
        "w": 32,
        "h": 32
      },
      "rotated": false,
      "trimmed": true,
      "spriteSourceSize": {
        "x": 10,
        "y": 10,
        "w": 32,
        "h": 32
      },
      "sourceSize": {
        "w": 50,
        "h": 50
      },
      "pivot": {
        "x": 0.5,
        "y": 0.5
      }
    },
    "Ninja/Black/2x/star.png": {
      "frame": {
        "x": 1802,
        "y": 1951,
        "w": 64,
        "h": 60
      },
      "rotated": true,
      "trimmed": true,
      "spriteSourceSize": {
        "x": 18,
        "y": 20,
        "w": 64,
        "h": 60
      },
      "sourceSize": {
        "w": 100,
        "h": 100
      },
      "pivot": {
        "x": 0.5,
        "y": 0.5
      }
    },
    "Ninja/White/2x/star.png": {
      "frame": {
        "x": 1838,
        "y": 1883,
        "w": 64,
        "h": 60
      },
      "rotated": true,
      "trimmed": true,
      "spriteSourceSize": {
        "x": 18,
        "y": 20,
        "w": 64,
        "h": 60
      },
      "sourceSize": {
        "w": 100,
        "h": 100
      },
      "pivot": {
        "x": 0.5,
        "y": 0.5
      }
    },
    "Ninja/White/1x/wrench.png": {
      "frame": {
        "x": 1878,
        "y": 1847,
        "w": 32,
        "h": 32
      },
      "rotated": false,
      "trimmed": true,
      "spriteSourceSize": {
        "x": 10,
        "y": 10,
        "w": 32,
        "h": 32
      },
      "sourceSize": {
        "w": 50,
        "h": 50
      },
      "pivot": {
        "x": 0.5,
        "y": 0.5
      }
    },
    "Ninja/Black/1x/musicOff.png": {
      "frame": {
        "x": 1914,
        "y": 1847,
        "w": 30,
        "h": 31
      },
      "rotated": false,
      "trimmed": true,
      "spriteSourceSize": {
        "x": 11,
        "y": 11,
        "w": 30,
        "h": 31
      },
      "sourceSize": {
        "w": 50,
        "h": 50
      },
      "pivot": {
        "x": 0.5,
        "y": 0.5
      }
    },
    "Ninja/White/1x/basket.png": {
      "frame": {
        "x": 1948,
        "y": 1847,
        "w": 30,
        "h": 31
      },
      "rotated": false,
      "trimmed": true,
      "spriteSourceSize": {
        "x": 11,
        "y": 11,
        "w": 30,
        "h": 31
      },
      "sourceSize": {
        "w": 50,
        "h": 50
      },
      "pivot": {
        "x": 0.5,
        "y": 0.5
      }
    },
    "Ninja/Black/2x/next.png": {
      "frame": {
        "x": 1982,
        "y": 1847,
        "w": 56,
        "h": 64
      },
      "rotated": true,
      "trimmed": true,
      "spriteSourceSize": {
        "x": 22,
        "y": 20,
        "w": 56,
        "h": 64
      },
      "sourceSize": {
        "w": 100,
        "h": 100
      },
      "pivot": {
        "x": 0.5,
        "y": 0.5
      }
    },
    "Ninja/Black/2x/previous.png": {
      "frame": {
        "x": 1914,
        "y": 1882,
        "w": 56,
        "h": 64
      },
      "rotated": true,
      "trimmed": true,
      "spriteSourceSize": {
        "x": 22,
        "y": 20,
        "w": 56,
        "h": 64
      },
      "sourceSize": {
        "w": 100,
        "h": 100
      },
      "pivot": {
        "x": 0.5,
        "y": 0.5
      }
    },
    "Ninja/Black/2x/singleplayer.png": {
      "frame": {
        "x": 1982,
        "y": 1907,
        "w": 56,
        "h": 64
      },
      "rotated": true,
      "trimmed": true,
      "spriteSourceSize": {
        "x": 22,
        "y": 20,
        "w": 56,
        "h": 64
      },
      "sourceSize": {
        "w": 100,
        "h": 100
      },
      "pivot": {
        "x": 0.5,
        "y": 0.5
      }
    },
    "Ninja/Black/2x/trophy.png": {
      "frame": {
        "x": 1982,
        "y": 1967,
        "w": 64,
        "h": 56
      },
      "rotated": false,
      "trimmed": true,
      "spriteSourceSize": {
        "x": 18,
        "y": 28,
        "w": 64,
        "h": 56
      },
      "sourceSize": {
        "w": 100,
        "h": 100
      },
      "pivot": {
        "x": 0.5,
        "y": 0.5
      }
    },
    "Ninja/White/2x/next.png": {
      "frame": {
        "x": 1902,
        "y": 1942,
        "w": 56,
        "h": 64
      },
      "rotated": true,
      "trimmed": true,
      "spriteSourceSize": {
        "x": 22,
        "y": 20,
        "w": 56,
        "h": 64
      },
      "sourceSize": {
        "w": 100,
        "h": 100
      },
      "pivot": {
        "x": 0.5,
        "y": 0.5
      }
    },
    "Ninja/White/1x/musicOff.png": {
      "frame": {
        "x": 1866,
        "y": 1951,
        "w": 30,
        "h": 31
      },
      "rotated": true,
      "trimmed": true,
      "spriteSourceSize": {
        "x": 11,
        "y": 11,
        "w": 30,
        "h": 31
      },
      "sourceSize": {
        "w": 50,
        "h": 50
      },
      "pivot": {
        "x": 0.5,
        "y": 0.5
      }
    },
    "Ninja/Black/1x/stop.png": {
      "frame": {
        "x": 1866,
        "y": 1985,
        "w": 30,
        "h": 30
      },
      "rotated": false,
      "trimmed": true,
      "spriteSourceSize": {
        "x": 10,
        "y": 11,
        "w": 30,
        "h": 30
      },
      "sourceSize": {
        "w": 50,
        "h": 50
      },
      "pivot": {
        "x": 0.5,
        "y": 0.5
      }
    },
    "Ninja/White/1x/stop.png": {
      "frame": {
        "x": 1900,
        "y": 2002,
        "w": 30,
        "h": 30
      },
      "rotated": false,
      "trimmed": true,
      "spriteSourceSize": {
        "x": 10,
        "y": 11,
        "w": 30,
        "h": 30
      },
      "sourceSize": {
        "w": 50,
        "h": 50
      },
      "pivot": {
        "x": 0.5,
        "y": 0.5
      }
    },
    "Ninja/White/2x/previous.png": {
      "frame": {
        "x": 1880,
        "y": 2,
        "w": 56,
        "h": 64
      },
      "rotated": true,
      "trimmed": true,
      "spriteSourceSize": {
        "x": 22,
        "y": 20,
        "w": 56,
        "h": 64
      },
      "sourceSize": {
        "w": 100,
        "h": 100
      },
      "pivot": {
        "x": 0.5,
        "y": 0.5
      }
    },
    "Ninja/White/2x/singleplayer.png": {
      "frame": {
        "x": 1948,
        "y": 2,
        "w": 56,
        "h": 64
      },
      "rotated": true,
      "trimmed": true,
      "spriteSourceSize": {
        "x": 22,
        "y": 20,
        "w": 56,
        "h": 64
      },
      "sourceSize": {
        "w": 100,
        "h": 100
      },
      "pivot": {
        "x": 0.5,
        "y": 0.5
      }
    },
    "Ninja/White/2x/trophy.png": {
      "frame": {
        "x": 1880,
        "y": 62,
        "w": 64,
        "h": 56
      },
      "rotated": false,
      "trimmed": true,
      "spriteSourceSize": {
        "x": 18,
        "y": 28,
        "w": 64,
        "h": 56
      },
      "sourceSize": {
        "w": 100,
        "h": 100
      },
      "pivot": {
        "x": 0.5,
        "y": 0.5
      }
    },
    "Ninja/Black/2x/musicOff.png": {
      "frame": {
        "x": 1948,
        "y": 62,
        "w": 60,
        "h": 62
      },
      "rotated": true,
      "trimmed": true,
      "spriteSourceSize": {
        "x": 22,
        "y": 22,
        "w": 60,
        "h": 62
      },
      "sourceSize": {
        "w": 100,
        "h": 100
      },
      "pivot": {
        "x": 0.5,
        "y": 0.5
      }
    },
    "Ninja/Black/2x/shoppingBasket.png": {
      "frame": {
        "x": 1880,
        "y": 122,
        "w": 60,
        "h": 62
      },
      "rotated": true,
      "trimmed": true,
      "spriteSourceSize": {
        "x": 22,
        "y": 22,
        "w": 60,
        "h": 62
      },
      "sourceSize": {
        "w": 100,
        "h": 100
      },
      "pivot": {
        "x": 0.5,
        "y": 0.5
      }
    },
    "Ninja/White/2x/musicOff.png": {
      "frame": {
        "x": 1946,
        "y": 126,
        "w": 60,
        "h": 62
      },
      "rotated": true,
      "trimmed": true,
      "spriteSourceSize": {
        "x": 22,
        "y": 22,
        "w": 60,
        "h": 62
      },
      "sourceSize": {
        "w": 100,
        "h": 100
      },
      "pivot": {
        "x": 0.5,
        "y": 0.5
      }
    },
    "Ninja/White/2x/shoppingBasket.png": {
      "frame": {
        "x": 1880,
        "y": 186,
        "w": 60,
        "h": 62
      },
      "rotated": true,
      "trimmed": true,
      "spriteSourceSize": {
        "x": 22,
        "y": 22,
        "w": 60,
        "h": 62
      },
      "sourceSize": {
        "w": 100,
        "h": 100
      },
      "pivot": {
        "x": 0.5,
        "y": 0.5
      }
    },
    "Ninja/Black/2x/exitLeft.png": {
      "frame": {
        "x": 1946,
        "y": 190,
        "w": 62,
        "h": 56
      },
      "rotated": false,
      "trimmed": true,
      "spriteSourceSize": {
        "x": 18,
        "y": 26,
        "w": 62,
        "h": 56
      },
      "sourceSize": {
        "w": 100,
        "h": 100
      },
      "pivot": {
        "x": 0.5,
        "y": 0.5
      }
    },
    "Ninja/Black/2x/exitRight.png": {
      "frame": {
        "x": 1880,
        "y": 250,
        "w": 62,
        "h": 56
      },
      "rotated": false,
      "trimmed": true,
      "spriteSourceSize": {
        "x": 24,
        "y": 26,
        "w": 62,
        "h": 56
      },
      "sourceSize": {
        "w": 100,
        "h": 100
      },
      "pivot": {
        "x": 0.5,
        "y": 0.5
      }
    },
    "Ninja/Black/2x/return.png": {
      "frame": {
        "x": 1946,
        "y": 250,
        "w": 62,
        "h": 56
      },
      "rotated": false,
      "trimmed": true,
      "spriteSourceSize": {
        "x": 22,
        "y": 26,
        "w": 62,
        "h": 56
      },
      "sourceSize": {
        "w": 100,
        "h": 100
      },
      "pivot": {
        "x": 0.5,
        "y": 0.5
      }
    },
    "Ninja/White/2x/exitLeft.png": {
      "frame": {
        "x": 1880,
        "y": 310,
        "w": 62,
        "h": 56
      },
      "rotated": true,
      "trimmed": true,
      "spriteSourceSize": {
        "x": 18,
        "y": 26,
        "w": 62,
        "h": 56
      },
      "sourceSize": {
        "w": 100,
        "h": 100
      },
      "pivot": {
        "x": 0.5,
        "y": 0.5
      }
    },
    "Ninja/White/2x/exitRight.png": {
      "frame": {
        "x": 1880,
        "y": 376,
        "w": 62,
        "h": 56
      },
      "rotated": true,
      "trimmed": true,
      "spriteSourceSize": {
        "x": 24,
        "y": 26,
        "w": 62,
        "h": 56
      },
      "sourceSize": {
        "w": 100,
        "h": 100
      },
      "pivot": {
        "x": 0.5,
        "y": 0.5
      }
    },
    "Ninja/White/2x/return.png": {
      "frame": {
        "x": 1940,
        "y": 310,
        "w": 62,
        "h": 56
      },
      "rotated": false,
      "trimmed": true,
      "spriteSourceSize": {
        "x": 22,
        "y": 26,
        "w": 62,
        "h": 56
      },
      "sourceSize": {
        "w": 100,
        "h": 100
      },
      "pivot": {
        "x": 0.5,
        "y": 0.5
      }
    },
    "Ninja/Black/2x/musicOn.png": {
      "frame": {
        "x": 1940,
        "y": 370,
        "w": 55,
        "h": 62
      },
      "rotated": false,
      "trimmed": true,
      "spriteSourceSize": {
        "x": 22,
        "y": 22,
        "w": 55,
        "h": 62
      },
      "sourceSize": {
        "w": 100,
        "h": 100
      },
      "pivot": {
        "x": 0.5,
        "y": 0.5
      }
    },
    "Ninja/Jump/Jump__009.png": {
      "frame": {
        "x": 1634,
        "y": 476,
        "w": 329,
        "h": 412
      },
      "rotated": true,
      "trimmed": true,
      "spriteSourceSize": {
        "x": 6,
        "y": 17,
        "w": 329,
        "h": 412
      },
      "sourceSize": {
        "w": 362,
        "h": 483
      },
      "pivot": {
        "x": 0.5,
        "y": 0.5
      }
    },
    "png/Dead__007.png": {
      "frame": {
        "x": 340,
        "y": 487,
        "w": 479,
        "h": 319
      },
      "rotated": true,
      "trimmed": true,
      "spriteSourceSize": {
        "x": 34,
        "y": 255,
        "w": 479,
        "h": 319
      },
      "sourceSize": {
        "w": 578,
        "h": 599
      },
      "pivot": {
        "x": 0.5,
        "y": 0.5
      }
    },
    "png/Dead__008.png": {
      "frame": {
        "x": 340,
        "y": 487,
        "w": 479,
        "h": 319
      },
      "rotated": true,
      "trimmed": true,
      "spriteSourceSize": {
        "x": 34,
        "y": 255,
        "w": 479,
        "h": 319
      },
      "sourceSize": {
        "w": 578,
        "h": 599
      },
      "pivot": {
        "x": 0.5,
        "y": 0.5
      }
    },
    "png/Dead__009.png": {
      "frame": {
        "x": 340,
        "y": 487,
        "w": 479,
        "h": 319
      },
      "rotated": true,
      "trimmed": true,
      "spriteSourceSize": {
        "x": 34,
        "y": 255,
        "w": 479,
        "h": 319
      },
      "sourceSize": {
        "w": 578,
        "h": 599
      },
      "pivot": {
        "x": 0.5,
        "y": 0.5
      }
    },
    "png/Jump__004.png": {
      "frame": {
        "x": 640,
        "y": 1449,
        "w": 288,
        "h": 475
      },
      "rotated": false,
      "trimmed": true,
      "spriteSourceSize": {
        "x": 30,
        "y": 38,
        "w": 288,
        "h": 475
      },
      "sourceSize": {
        "w": 399,
        "h": 543
      },
      "pivot": {
        "x": 0.5,
        "y": 0.5
      }
    },
    "png/Jump__005.png": {
      "frame": {
        "x": 640,
        "y": 1449,
        "w": 288,
        "h": 475
      },
      "rotated": false,
      "trimmed": true,
      "spriteSourceSize": {
        "x": 30,
        "y": 38,
        "w": 288,
        "h": 475
      },
      "sourceSize": {
        "w": 399,
        "h": 543
      },
      "pivot": {
        "x": 0.5,
        "y": 0.5
      }
    }
  },
  "meta": {
    "app": "http://free-tex-packer.com",
    "version": "0.6.7",
    "image": "Ninja-4.png",
    "format": "RGBA8888",
    "size": {
      "w": 2048,
      "h": 2047
    },
    "scale": 1
  }
}