{
  "frames": {
    "Ninja/Jump_Throw/Jump_Throw__008.png": {
      "frame": {
        "x": 2,
        "y": 2,
        "w": 303,
        "h": 406
      },
      "rotated": false,
      "trimmed": true,
      "spriteSourceSize": {
        "x": 50,
        "y": 16,
        "w": 303,
        "h": 406
      },
      "sourceSize": {
        "w": 360,
        "h": 431
      },
      "pivot": {
        "x": 0.5,
        "y": 0.5
      }
    },
    "Ninja/Jump_Throw/Jump_Throw__002.png": {
      "frame": {
        "x": 2,
        "y": 412,
        "w": 307,
        "h": 400
      },
      "rotated": false,
      "trimmed": true,
      "spriteSourceSize": {
        "x": 49,
        "y": 17,
        "w": 307,
        "h": 400
      },
      "sourceSize": {
        "w": 360,
        "h": 431
      },
      "pivot": {
        "x": 0.5,
        "y": 0.5
      }
    },
    "Ninja/Jump_Throw/Jump_Throw__005.png": {
      "frame": {
        "x": 309,
        "y": 2,
        "w": 351,
        "h": 399
      },
      "rotated": false,
      "trimmed": true,
      "spriteSourceSize": {
        "x": 8,
        "y": 18,
        "w": 351,
        "h": 399
      },
      "sourceSize": {
        "w": 360,
        "h": 431
      },
      "pivot": {
        "x": 0.5,
        "y": 0.5
      }
    },
    "Ninja/Jump_Throw/Jump_Throw__006.png": {
      "frame": {
        "x": 2,
        "y": 816,
        "w": 349,
        "h": 399
      },
      "rotated": false,
      "trimmed": true,
      "spriteSourceSize": {
        "x": 10,
        "y": 18,
        "w": 349,
        "h": 399
      },
      "sourceSize": {
        "w": 360,
        "h": 431
      },
      "pivot": {
        "x": 0.5,
        "y": 0.5
      }
    },
    "Ninja/Jump_Throw/Jump_Throw__003.png": {
      "frame": {
        "x": 313,
        "y": 405,
        "w": 337,
        "h": 399
      },
      "rotated": false,
      "trimmed": true,
      "spriteSourceSize": {
        "x": 22,
        "y": 18,
        "w": 337,
        "h": 399
      },
      "sourceSize": {
        "w": 360,
        "h": 431
      },
      "pivot": {
        "x": 0.5,
        "y": 0.5
      }
    },
    "png/Slide__004.png": {
      "frame": {
        "x": 2,
        "y": 1219,
        "w": 386,
        "h": 396
      },
      "rotated": false,
      "trimmed": true,
      "spriteSourceSize": {
        "x": 10,
        "y": 2,
        "w": 386,
        "h": 396
      },
      "sourceSize": {
        "w": 397,
        "h": 401
      },
      "pivot": {
        "x": 0.5,
        "y": 0.5
      }
    },
    "png/Slide__006.png": {
      "frame": {
        "x": 355,
        "y": 808,
        "w": 386,
        "h": 396
      },
      "rotated": false,
      "trimmed": true,
      "spriteSourceSize": {
        "x": 10,
        "y": 2,
        "w": 386,
        "h": 396
      },
      "sourceSize": {
        "w": 397,
        "h": 401
      },
      "pivot": {
        "x": 0.5,
        "y": 0.5
      }
    },
    "png/Slide__005.png": {
      "frame": {
        "x": 654,
        "y": 405,
        "w": 385,
        "h": 396
      },
      "rotated": false,
      "trimmed": true,
      "spriteSourceSize": {
        "x": 11,
        "y": 2,
        "w": 385,
        "h": 396
      },
      "sourceSize": {
        "w": 397,
        "h": 401
      },
      "pivot": {
        "x": 0.5,
        "y": 0.5
      }
    },
    "png/Slide__000.png": {
      "frame": {
        "x": 745,
        "y": 2,
        "w": 394,
        "h": 395
      },
      "rotated": false,
      "trimmed": true,
      "spriteSourceSize": {
        "x": 2,
        "y": 3,
        "w": 394,
        "h": 395
      },
      "sourceSize": {
        "w": 397,
        "h": 401
      },
      "pivot": {
        "x": 0.5,
        "y": 0.5
      }
    },
    "png/Slide__001.png": {
      "frame": {
        "x": 1043,
        "y": 401,
        "w": 392,
        "h": 395
      },
      "rotated": false,
      "trimmed": true,
      "spriteSourceSize": {
        "x": 4,
        "y": 3,
        "w": 392,
        "h": 395
      },
      "sourceSize": {
        "w": 397,
        "h": 401
      },
      "pivot": {
        "x": 0.5,
        "y": 0.5
      }
    },
    "png/Slide__009.png": {
      "frame": {
        "x": 1143,
        "y": 2,
        "w": 392,
        "h": 395
      },
      "rotated": false,
      "trimmed": true,
      "spriteSourceSize": {
        "x": 4,
        "y": 3,
        "w": 392,
        "h": 395
      },
      "sourceSize": {
        "w": 397,
        "h": 401
      },
      "pivot": {
        "x": 0.5,
        "y": 0.5
      }
    },
    "Platform/Objects/Saw.png": {
      "frame": {
        "x": 2,
        "y": 1619,
        "w": 357,
        "h": 361
      },
      "rotated": false,
      "trimmed": false,
      "spriteSourceSize": {
        "x": 0,
        "y": 0,
        "w": 357,
        "h": 361
      },
      "sourceSize": {
        "w": 357,
        "h": 361
      },
      "pivot": {
        "x": 0.5,
        "y": 0.5
      }
    },
    "Ninja/Slide/Slide__002.png": {
      "frame": {
        "x": 363,
        "y": 1619,
        "w": 361,
        "h": 345
      },
      "rotated": true,
      "trimmed": true,
      "spriteSourceSize": {
        "x": 11,
        "y": 2,
        "w": 361,
        "h": 345
      },
      "sourceSize": {
        "w": 373,
        "h": 351
      },
      "pivot": {
        "x": 0.5,
        "y": 0.5
      }
    },
    "Ninja/Slide/Slide__008.png": {
      "frame": {
        "x": 392,
        "y": 1208,
        "w": 361,
        "h": 345
      },
      "rotated": true,
      "trimmed": true,
      "spriteSourceSize": {
        "x": 11,
        "y": 2,
        "w": 361,
        "h": 345
      },
      "sourceSize": {
        "w": 373,
        "h": 351
      },
      "pivot": {
        "x": 0.5,
        "y": 0.5
      }
    },
    "Ninja/Slide/Slide__007.png": {
      "frame": {
        "x": 712,
        "y": 1573,
        "w": 359,
        "h": 345
      },
      "rotated": true,
      "trimmed": true,
      "spriteSourceSize": {
        "x": 13,
        "y": 2,
        "w": 359,
        "h": 345
      },
      "sourceSize": {
        "w": 373,
        "h": 351
      },
      "pivot": {
        "x": 0.5,
        "y": 0.5
      }
    },
    "Ninja/Slide/Slide__004.png": {
      "frame": {
        "x": 741,
        "y": 1208,
        "w": 356,
        "h": 346
      },
      "rotated": true,
      "trimmed": true,
      "spriteSourceSize": {
        "x": 16,
        "y": 2,
        "w": 356,
        "h": 346
      },
      "sourceSize": {
        "w": 373,
        "h": 351
      },
      "pivot": {
        "x": 0.5,
        "y": 0.5
      }
    },
    "Ninja/Slide/Slide__006.png": {
      "frame": {
        "x": 745,
        "y": 805,
        "w": 356,
        "h": 346
      },
      "rotated": true,
      "trimmed": true,
      "spriteSourceSize": {
        "x": 16,
        "y": 2,
        "w": 356,
        "h": 346
      },
      "sourceSize": {
        "w": 373,
        "h": 351
      },
      "pivot": {
        "x": 0.5,
        "y": 0.5
      }
    },
    "Ninja/Slide/Slide__005.png": {
      "frame": {
        "x": 1091,
        "y": 1165,
        "w": 354,
        "h": 347
      },
      "rotated": true,
      "trimmed": true,
      "spriteSourceSize": {
        "x": 18,
        "y": 1,
        "w": 354,
        "h": 347
      },
      "sourceSize": {
        "w": 373,
        "h": 351
      },
      "pivot": {
        "x": 0.5,
        "y": 0.5
      }
    },
    "Platform/Tiles/BGTile (3).png": {
      "frame": {
        "x": 1095,
        "y": 800,
        "w": 256,
        "h": 256
      },
      "rotated": false,
      "trimmed": false,
      "spriteSourceSize": {
        "x": 0,
        "y": 0,
        "w": 256,
        "h": 256
      },
      "sourceSize": {
        "w": 256,
        "h": 256
      },
      "pivot": {
        "x": 0.5,
        "y": 0.5
      }
    },
    "Platform/Tiles/BGTile (4).png": {
      "frame": {
        "x": 1355,
        "y": 800,
        "w": 256,
        "h": 256
      },
      "rotated": false,
      "trimmed": false,
      "spriteSourceSize": {
        "x": 0,
        "y": 0,
        "w": 256,
        "h": 256
      },
      "sourceSize": {
        "w": 256,
        "h": 256
      },
      "pivot": {
        "x": 0.5,
        "y": 0.5
      }
    },
    "Platform/Tiles/BGTile (5).png": {
      "frame": {
        "x": 1439,
        "y": 401,
        "w": 256,
        "h": 256
      },
      "rotated": false,
      "trimmed": false,
      "spriteSourceSize": {
        "x": 0,
        "y": 0,
        "w": 256,
        "h": 256
      },
      "sourceSize": {
        "w": 256,
        "h": 256
      },
      "pivot": {
        "x": 0.5,
        "y": 0.5
      }
    },
    "Platform/Tiles/BGTile (6).png": {
      "frame": {
        "x": 1699,
        "y": 2,
        "w": 256,
        "h": 256
      },
      "rotated": false,
      "trimmed": false,
      "spriteSourceSize": {
        "x": 0,
        "y": 0,
        "w": 256,
        "h": 256
      },
      "sourceSize": {
        "w": 256,
        "h": 256
      },
      "pivot": {
        "x": 0.5,
        "y": 0.5
      }
    },
    "Platform/Tiles/BGTile (7).png": {
      "frame": {
        "x": 1699,
        "y": 262,
        "w": 256,
        "h": 256
      },
      "rotated": false,
      "trimmed": false,
      "spriteSourceSize": {
        "x": 0,
        "y": 0,
        "w": 256,
        "h": 256
      },
      "sourceSize": {
        "w": 256,
        "h": 256
      },
      "pivot": {
        "x": 0.5,
        "y": 0.5
      }
    },
    "Platform/Tiles/Tile (1).png": {
      "frame": {
        "x": 1699,
        "y": 522,
        "w": 256,
        "h": 256
      },
      "rotated": false,
      "trimmed": false,
      "spriteSourceSize": {
        "x": 0,
        "y": 0,
        "w": 256,
        "h": 256
      },
      "sourceSize": {
        "w": 256,
        "h": 256
      },
      "pivot": {
        "x": 0.5,
        "y": 0.5
      }
    },
    "Platform/Tiles/Tile (2).png": {
      "frame": {
        "x": 1615,
        "y": 782,
        "w": 256,
        "h": 256
      },
      "rotated": false,
      "trimmed": false,
      "spriteSourceSize": {
        "x": 0,
        "y": 0,
        "w": 256,
        "h": 256
      },
      "sourceSize": {
        "w": 256,
        "h": 256
      },
      "pivot": {
        "x": 0.5,
        "y": 0.5
      }
    },
    "Platform/Tiles/Tile (3).png": {
      "frame": {
        "x": 1615,
        "y": 1042,
        "w": 256,
        "h": 256
      },
      "rotated": false,
      "trimmed": false,
      "spriteSourceSize": {
        "x": 0,
        "y": 0,
        "w": 256,
        "h": 256
      },
      "sourceSize": {
        "w": 256,
        "h": 256
      },
      "pivot": {
        "x": 0.5,
        "y": 0.5
      }
    },
    "Platform/Tiles/Tile (5).png": {
      "frame": {
        "x": 1061,
        "y": 1568,
        "w": 256,
        "h": 256
      },
      "rotated": false,
      "trimmed": false,
      "spriteSourceSize": {
        "x": 0,
        "y": 0,
        "w": 256,
        "h": 256
      },
      "sourceSize": {
        "w": 256,
        "h": 256
      },
      "pivot": {
        "x": 0.5,
        "y": 0.5
      }
    },
    "Platform/Tiles/Tile (7).png": {
      "frame": {
        "x": 1321,
        "y": 1523,
        "w": 256,
        "h": 256
      },
      "rotated": false,
      "trimmed": false,
      "spriteSourceSize": {
        "x": 0,
        "y": 0,
        "w": 256,
        "h": 256
      },
      "sourceSize": {
        "w": 256,
        "h": 256
      },
      "pivot": {
        "x": 0.5,
        "y": 0.5
      }
    },
    "Platform/Tiles/Tile (8).png": {
      "frame": {
        "x": 1321,
        "y": 1783,
        "w": 256,
        "h": 256
      },
      "rotated": false,
      "trimmed": false,
      "spriteSourceSize": {
        "x": 0,
        "y": 0,
        "w": 256,
        "h": 256
      },
      "sourceSize": {
        "w": 256,
        "h": 256
      },
      "pivot": {
        "x": 0.5,
        "y": 0.5
      }
    }
  },
  "meta": {
    "app": "http://free-tex-packer.com",
    "version": "0.6.7",
    "image": "Ninja-8.png",
    "format": "RGBA8888",
    "size": {
      "w": 1957,
      "h": 2041
    },
    "scale": 1
  }
}