{
  "frames": {
    "Ninja/Jump/Jump__001.png": {
      "frame": {
        "x": 2,
        "y": 2,
        "w": 266,
        "h": 461
      },
      "rotated": false,
      "trimmed": true,
      "spriteSourceSize": {
        "x": 55,
        "y": 21,
        "w": 266,
        "h": 461
      },
      "sourceSize": {
        "w": 362,
        "h": 483
      },
      "pivot": {
        "x": 0.5,
        "y": 0.5
      }
    },
    "Ninja/Climb/Climb_005.png": {
      "frame": {
        "x": 2,
        "y": 467,
        "w": 233,
        "h": 461
      },
      "rotated": false,
      "trimmed": true,
      "spriteSourceSize": {
        "x": 31,
        "y": 3,
        "w": 233,
        "h": 461
      },
      "sourceSize": {
        "w": 282,
        "h": 464
      },
      "pivot": {
        "x": 0.5,
        "y": 0.5
      }
    },
    "png/Run__008.png": {
      "frame": {
        "x": 2,
        "y": 932,
        "w": 325,
        "h": 460
      },
      "rotated": false,
      "trimmed": true,
      "spriteSourceSize": {
        "x": 30,
        "y": 11,
        "w": 325,
        "h": 460
      },
      "sourceSize": {
        "w": 376,
        "h": 520
      },
      "pivot": {
        "x": 0.5,
        "y": 0.5
      }
    },
    "png/Jump_Throw__001.png": {
      "frame": {
        "x": 239,
        "y": 467,
        "w": 300,
        "h": 460
      },
      "rotated": false,
      "trimmed": true,
      "spriteSourceSize": {
        "x": 67,
        "y": 36,
        "w": 300,
        "h": 460
      },
      "sourceSize": {
        "w": 425,
        "h": 497
      },
      "pivot": {
        "x": 0.5,
        "y": 0.5
      }
    },
    "png/Jump__007.png": {
      "frame": {
        "x": 272,
        "y": 2,
        "w": 294,
        "h": 460
      },
      "rotated": false,
      "trimmed": true,
      "spriteSourceSize": {
        "x": 31,
        "y": 38,
        "w": 294,
        "h": 460
      },
      "sourceSize": {
        "w": 399,
        "h": 543
      },
      "pivot": {
        "x": 0.5,
        "y": 0.5
      }
    },
    "png/Jump_Throw__000.png": {
      "frame": {
        "x": 543,
        "y": 466,
        "w": 310,
        "h": 459
      },
      "rotated": false,
      "trimmed": true,
      "spriteSourceSize": {
        "x": 67,
        "y": 36,
        "w": 310,
        "h": 459
      },
      "sourceSize": {
        "w": 425,
        "h": 497
      },
      "pivot": {
        "x": 0.5,
        "y": 0.5
      }
    },
    "Ninja/Climb/Climb_000.png": {
      "frame": {
        "x": 570,
        "y": 2,
        "w": 232,
        "h": 459
      },
      "rotated": false,
      "trimmed": true,
      "spriteSourceSize": {
        "x": 8,
        "y": 3,
        "w": 232,
        "h": 459
      },
      "sourceSize": {
        "w": 282,
        "h": 464
      },
      "pivot": {
        "x": 0.5,
        "y": 0.5
      }
    },
    "png/Jump_Throw__002.png": {
      "frame": {
        "x": 806,
        "y": 2,
        "w": 316,
        "h": 457
      },
      "rotated": false,
      "trimmed": true,
      "spriteSourceSize": {
        "x": 52,
        "y": 37,
        "w": 316,
        "h": 457
      },
      "sourceSize": {
        "w": 425,
        "h": 497
      },
      "pivot": {
        "x": 0.5,
        "y": 0.5
      }
    },
    "png/Jump_Throw__009.png": {
      "frame": {
        "x": 2,
        "y": 1396,
        "w": 305,
        "h": 457
      },
      "rotated": false,
      "trimmed": true,
      "spriteSourceSize": {
        "x": 67,
        "y": 35,
        "w": 305,
        "h": 457
      },
      "sourceSize": {
        "w": 425,
        "h": 497
      },
      "pivot": {
        "x": 0.5,
        "y": 0.5
      }
    },
    "Ninja/White/2x/musicOn.png": {
      "frame": {
        "x": 2,
        "y": 1857,
        "w": 55,
        "h": 62
      },
      "rotated": false,
      "trimmed": true,
      "spriteSourceSize": {
        "x": 22,
        "y": 22,
        "w": 55,
        "h": 62
      },
      "sourceSize": {
        "w": 100,
        "h": 100
      },
      "pivot": {
        "x": 0.5,
        "y": 0.5
      }
    },
    "Ninja/Black/2x/stop.png": {
      "frame": {
        "x": 2,
        "y": 1923,
        "w": 60,
        "h": 60
      },
      "rotated": false,
      "trimmed": true,
      "spriteSourceSize": {
        "x": 20,
        "y": 22,
        "w": 60,
        "h": 60
      },
      "sourceSize": {
        "w": 100,
        "h": 100
      },
      "pivot": {
        "x": 0.5,
        "y": 0.5
      }
    },
    "Ninja/White/2x/stop.png": {
      "frame": {
        "x": 61,
        "y": 1857,
        "w": 60,
        "h": 60
      },
      "rotated": false,
      "trimmed": true,
      "spriteSourceSize": {
        "x": 20,
        "y": 22,
        "w": 60,
        "h": 60
      },
      "sourceSize": {
        "w": 100,
        "h": 100
      },
      "pivot": {
        "x": 0.5,
        "y": 0.5
      }
    },
    "Ninja/Black/2x/downLeft.png": {
      "frame": {
        "x": 2,
        "y": 1987,
        "w": 56,
        "h": 56
      },
      "rotated": false,
      "trimmed": true,
      "spriteSourceSize": {
        "x": 24,
        "y": 24,
        "w": 56,
        "h": 56
      },
      "sourceSize": {
        "w": 100,
        "h": 100
      },
      "pivot": {
        "x": 0.5,
        "y": 0.5
      }
    },
    "Ninja/Black/2x/downRight.png": {
      "frame": {
        "x": 62,
        "y": 1987,
        "w": 56,
        "h": 56
      },
      "rotated": false,
      "trimmed": true,
      "spriteSourceSize": {
        "x": 24,
        "y": 24,
        "w": 56,
        "h": 56
      },
      "sourceSize": {
        "w": 100,
        "h": 100
      },
      "pivot": {
        "x": 0.5,
        "y": 0.5
      }
    },
    "Ninja/Black/2x/scrollHorizontal.png": {
      "frame": {
        "x": 66,
        "y": 1921,
        "w": 60,
        "h": 53
      },
      "rotated": true,
      "trimmed": true,
      "spriteSourceSize": {
        "x": 20,
        "y": 22,
        "w": 60,
        "h": 53
      },
      "sourceSize": {
        "w": 100,
        "h": 100
      },
      "pivot": {
        "x": 0.5,
        "y": 0.5
      }
    },
    "Ninja/White/2x/scrollHorizontal.png": {
      "frame": {
        "x": 122,
        "y": 1985,
        "w": 60,
        "h": 53
      },
      "rotated": true,
      "trimmed": true,
      "spriteSourceSize": {
        "x": 20,
        "y": 22,
        "w": 60,
        "h": 53
      },
      "sourceSize": {
        "w": 100,
        "h": 100
      },
      "pivot": {
        "x": 0.5,
        "y": 0.5
      }
    },
    "Ninja/Black/2x/upLeft.png": {
      "frame": {
        "x": 123,
        "y": 1921,
        "w": 56,
        "h": 56
      },
      "rotated": false,
      "trimmed": true,
      "spriteSourceSize": {
        "x": 24,
        "y": 24,
        "w": 56,
        "h": 56
      },
      "sourceSize": {
        "w": 100,
        "h": 100
      },
      "pivot": {
        "x": 0.5,
        "y": 0.5
      }
    },
    "Ninja/Black/2x/upRight.png": {
      "frame": {
        "x": 179,
        "y": 1857,
        "w": 56,
        "h": 56
      },
      "rotated": false,
      "trimmed": true,
      "spriteSourceSize": {
        "x": 24,
        "y": 24,
        "w": 56,
        "h": 56
      },
      "sourceSize": {
        "w": 100,
        "h": 100
      },
      "pivot": {
        "x": 0.5,
        "y": 0.5
      }
    },
    "Ninja/White/2x/downLeft.png": {
      "frame": {
        "x": 183,
        "y": 1917,
        "w": 56,
        "h": 56
      },
      "rotated": false,
      "trimmed": true,
      "spriteSourceSize": {
        "x": 24,
        "y": 24,
        "w": 56,
        "h": 56
      },
      "sourceSize": {
        "w": 100,
        "h": 100
      },
      "pivot": {
        "x": 0.5,
        "y": 0.5
      }
    },
    "Ninja/White/2x/downRight.png": {
      "frame": {
        "x": 239,
        "y": 1857,
        "w": 56,
        "h": 56
      },
      "rotated": false,
      "trimmed": true,
      "spriteSourceSize": {
        "x": 24,
        "y": 24,
        "w": 56,
        "h": 56
      },
      "sourceSize": {
        "w": 100,
        "h": 100
      },
      "pivot": {
        "x": 0.5,
        "y": 0.5
      }
    },
    "Ninja/White/2x/upLeft.png": {
      "frame": {
        "x": 179,
        "y": 1981,
        "w": 56,
        "h": 56
      },
      "rotated": false,
      "trimmed": true,
      "spriteSourceSize": {
        "x": 24,
        "y": 24,
        "w": 56,
        "h": 56
      },
      "sourceSize": {
        "w": 100,
        "h": 100
      },
      "pivot": {
        "x": 0.5,
        "y": 0.5
      }
    },
    "Ninja/White/2x/upRight.png": {
      "frame": {
        "x": 239,
        "y": 1977,
        "w": 56,
        "h": 56
      },
      "rotated": false,
      "trimmed": true,
      "spriteSourceSize": {
        "x": 24,
        "y": 24,
        "w": 56,
        "h": 56
      },
      "sourceSize": {
        "w": 100,
        "h": 100
      },
      "pivot": {
        "x": 0.5,
        "y": 0.5
      }
    },
    "png/Jump_Throw__003.png": {
      "frame": {
        "x": 311,
        "y": 1396,
        "w": 355,
        "h": 456
      },
      "rotated": false,
      "trimmed": true,
      "spriteSourceSize": {
        "x": 15,
        "y": 34,
        "w": 355,
        "h": 456
      },
      "sourceSize": {
        "w": 425,
        "h": 497
      },
      "pivot": {
        "x": 0.5,
        "y": 0.5
      }
    },
    "png/Jump__008.png": {
      "frame": {
        "x": 331,
        "y": 931,
        "w": 305,
        "h": 456
      },
      "rotated": false,
      "trimmed": true,
      "spriteSourceSize": {
        "x": 28,
        "y": 36,
        "w": 305,
        "h": 456
      },
      "sourceSize": {
        "w": 399,
        "h": 543
      },
      "pivot": {
        "x": 0.5,
        "y": 0.5
      }
    },
    "png/Dead__002.png": {
      "frame": {
        "x": 640,
        "y": 929,
        "w": 386,
        "h": 454
      },
      "rotated": false,
      "trimmed": true,
      "spriteSourceSize": {
        "x": 42,
        "y": 106,
        "w": 386,
        "h": 454
      },
      "sourceSize": {
        "w": 578,
        "h": 599
      },
      "pivot": {
        "x": 0.5,
        "y": 0.5
      }
    },
    "Ninja/Climb/Climb_004.png": {
      "frame": {
        "x": 857,
        "y": 463,
        "w": 254,
        "h": 454
      },
      "rotated": false,
      "trimmed": true,
      "spriteSourceSize": {
        "x": 20,
        "y": 3,
        "w": 254,
        "h": 454
      },
      "sourceSize": {
        "w": 282,
        "h": 464
      },
      "pivot": {
        "x": 0.5,
        "y": 0.5
      }
    },
    "Ninja/Climb/Climb_006.png": {
      "frame": {
        "x": 670,
        "y": 1387,
        "w": 254,
        "h": 454
      },
      "rotated": false,
      "trimmed": true,
      "spriteSourceSize": {
        "x": 20,
        "y": 3,
        "w": 254,
        "h": 454
      },
      "sourceSize": {
        "w": 282,
        "h": 464
      },
      "pivot": {
        "x": 0.5,
        "y": 0.5
      }
    },
    "png/Glide_001.png": {
      "frame": {
        "x": 928,
        "y": 1387,
        "w": 452,
        "h": 420
      },
      "rotated": true,
      "trimmed": true,
      "spriteSourceSize": {
        "x": 2,
        "y": 37,
        "w": 452,
        "h": 420
      },
      "sourceSize": {
        "w": 505,
        "h": 474
      },
      "pivot": {
        "x": 0.5,
        "y": 0.5
      }
    },
    "png/Glide_009.png": {
      "frame": {
        "x": 1030,
        "y": 921,
        "w": 452,
        "h": 420
      },
      "rotated": true,
      "trimmed": true,
      "spriteSourceSize": {
        "x": 2,
        "y": 37,
        "w": 452,
        "h": 420
      },
      "sourceSize": {
        "w": 505,
        "h": 474
      },
      "pivot": {
        "x": 0.5,
        "y": 0.5
      }
    },
    "png/Glide_002.png": {
      "frame": {
        "x": 1115,
        "y": 463,
        "w": 452,
        "h": 419
      },
      "rotated": true,
      "trimmed": true,
      "spriteSourceSize": {
        "x": 1,
        "y": 37,
        "w": 452,
        "h": 419
      },
      "sourceSize": {
        "w": 505,
        "h": 474
      },
      "pivot": {
        "x": 0.5,
        "y": 0.5
      }
    },
    "png/Glide_008.png": {
      "frame": {
        "x": 1126,
        "y": 2,
        "w": 452,
        "h": 419
      },
      "rotated": true,
      "trimmed": true,
      "spriteSourceSize": {
        "x": 1,
        "y": 37,
        "w": 452,
        "h": 419
      },
      "sourceSize": {
        "w": 505,
        "h": 474
      },
      "pivot": {
        "x": 0.5,
        "y": 0.5
      }
    },
    "png/Jump_Throw__004.png": {
      "frame": {
        "x": 1538,
        "y": 458,
        "w": 361,
        "h": 452
      },
      "rotated": false,
      "trimmed": true,
      "spriteSourceSize": {
        "x": 12,
        "y": 34,
        "w": 361,
        "h": 452
      },
      "sourceSize": {
        "w": 425,
        "h": 497
      },
      "pivot": {
        "x": 0.5,
        "y": 0.5
      }
    },
    "png/Glide_003.png": {
      "frame": {
        "x": 1549,
        "y": 2,
        "w": 451,
        "h": 418
      },
      "rotated": true,
      "trimmed": true,
      "spriteSourceSize": {
        "x": 1,
        "y": 37,
        "w": 451,
        "h": 418
      },
      "sourceSize": {
        "w": 505,
        "h": 474
      },
      "pivot": {
        "x": 0.5,
        "y": 0.5
      }
    },
    "png/Glide_007.png": {
      "frame": {
        "x": 1538,
        "y": 914,
        "w": 451,
        "h": 418
      },
      "rotated": true,
      "trimmed": true,
      "spriteSourceSize": {
        "x": 1,
        "y": 37,
        "w": 451,
        "h": 418
      },
      "sourceSize": {
        "w": 505,
        "h": 474
      },
      "pivot": {
        "x": 0.5,
        "y": 0.5
      }
    },
    "png/Glide_004.png": {
      "frame": {
        "x": 1538,
        "y": 1369,
        "w": 451,
        "h": 417
      },
      "rotated": false,
      "trimmed": true,
      "spriteSourceSize": {
        "x": 1,
        "y": 37,
        "w": 451,
        "h": 417
      },
      "sourceSize": {
        "w": 505,
        "h": 474
      },
      "pivot": {
        "x": 0.5,
        "y": 0.5
      }
    },
    "Platform/Tiles/Acid (2).png": {
      "frame": {
        "x": 1454,
        "y": 1790,
        "w": 256,
        "h": 256
      },
      "rotated": false,
      "trimmed": false,
      "spriteSourceSize": {
        "x": 0,
        "y": 0,
        "w": 256,
        "h": 256
      },
      "sourceSize": {
        "w": 256,
        "h": 256
      },
      "pivot": {
        "x": 0.5,
        "y": 0.5
      }
    },
    "Platform/Tiles/BGTile (1).png": {
      "frame": {
        "x": 1714,
        "y": 1790,
        "w": 256,
        "h": 256
      },
      "rotated": false,
      "trimmed": false,
      "spriteSourceSize": {
        "x": 0,
        "y": 0,
        "w": 256,
        "h": 256
      },
      "sourceSize": {
        "w": 256,
        "h": 256
      },
      "pivot": {
        "x": 0.5,
        "y": 0.5
      }
    },
    "png/Jump__009.png": {
      "frame": {
        "x": 331,
        "y": 931,
        "w": 305,
        "h": 456
      },
      "rotated": false,
      "trimmed": true,
      "spriteSourceSize": {
        "x": 28,
        "y": 36,
        "w": 305,
        "h": 456
      },
      "sourceSize": {
        "w": 399,
        "h": 543
      },
      "pivot": {
        "x": 0.5,
        "y": 0.5
      }
    }
  },
  "meta": {
    "app": "http://free-tex-packer.com",
    "version": "0.6.7",
    "image": "Ninja-5.png",
    "format": "RGBA8888",
    "size": {
      "w": 1991,
      "h": 2048
    },
    "scale": 1
  }
}